event_id,customer_id,product_id,event_type,timestamp
E000149,C000467,P00296,view,2024-01-01T01:25:00
E000790,C000164,P00088,view,2024-01-01T01:35:00
E004896,C000024,P00101,view,2024-01-01T01:48:00
E000777,C000591,P00135,cart,2024-01-01T02:17:00
E003792,C000715,P00443,cart,2024-01-01T02:47:00
E004466,C000302,P00039,view,2024-01-01T03:35:00
E005857,C000590,P00426,view,2024-01-01T04:07:00
E004728,C000563,P00264,purchase,2024-01-01T04:09:00
E003314,C000256,P00126,view,2024-01-01T06:33:00
E004146,C000498,P00255,view,2024-01-01T06:45:00
E004631,C000459,P00001,purchase,2024-01-01T06:49:00
E004486,C000036,P00193,cart,2024-01-01T07:48:00
E001776,C000527,P00158,cart,2024-01-01T09:32:00
E005673,C000637,P00226,view,2024-01-01T09:35:00
E005623,C000763,P00202,view,2024-01-01T10:22:00
E001662,C000580,P00471,view,2024-01-01T10:44:00
E003623,C000770,P00254,view,2024-01-01T11:06:00
E003259,C000617,P00122,view,2024-01-01T11:27:00
E002959,C000735,P00020,view,2024-01-01T11:44:00
E005175,C000536,P00143,cart,2024-01-01T11:54:00
E001510,C000076,P00460,purchase,2024-01-01T12:13:00
E005192,C000347,P00458,purchase,2024-01-01T12:38:00
E001204,C000157,P00388,purchase,2024-01-01T13:09:00
E004870,C000257,P00261,view,2024-01-01T13:41:00
E003374,C000720,P00348,purchase,2024-01-01T14:15:00
E002391,C000237,P00234,view,2024-01-01T15:21:00
E001056,C000623,P00080,view,2024-01-01T15:28:00
E002910,C000353,P00122,view,2024-01-01T16:36:00
E002310,C000496,P00096,cart,2024-01-01T17:17:00
E002211,C000798,P00299,cart,2024-01-01T17:34:00
E000468,C000438,P00041,view,2024-01-01T17:53:00
E001575,C000306,P00276,view,2024-01-01T19:17:00
E005944,C000486,P00318,view,2024-01-01T21:12:00
E002880,C000013,P00479,view,2024-01-01T21:26:00
E002483,C000471,P00460,cart,2024-01-01T22:49:00
E000916,C000772,P00102,view,2024-01-01T23:31:00
E003982,C000367,P00288,purchase,2024-01-01T23:33:00
E002415,C000748,P00036,purchase,2024-01-02T00:13:00
E003606,C000330,P00126,view,2024-01-02T00:31:00
E002051,C000086,P00491,view,2024-01-02T00:32:00
E000893,C000279,P00392,purchase,2024-01-02T00:45:00
E000043,C000618,P00354,view,2024-01-02T01:09:00
E001600,C000382,P00181,view,2024-01-02T01:49:00
E004801,C000126,P00295,view,2024-01-02T02:04:00
E003990,C000696,P00302,view,2024-01-02T02:33:00
E002505,C000563,P00243,view,2024-01-02T03:41:00
E004247,C000700,P00205,purchase,2024-01-02T03:56:00
E005363,C000335,P00204,view,2024-01-02T04:07:00
E001136,C000558,P00322,view,2024-01-02T04:21:00
E005341,C000086,P00207,purchase,2024-01-02T05:03:00
E003922,C000025,P00169,view,2024-01-02T05:51:00
E004562,C000240,P00181,view,2024-01-02T06:17:00
E005443,C000379,P00150,view,2024-01-02T07:01:00
E004308,C000774,P00078,cart,2024-01-02T07:48:00
E001651,C000309,P00128,purchase,2024-01-02T08:14:00
E001529,C000619,P00429,view,2024-01-02T08:31:00
E005121,C000183,P00310,view,2024-01-02T08:53:00
E003442,C000423,P00277,cart,2024-01-02T09:16:00
E003393,C000260,P00448,view,2024-01-02T09:19:00
E004380,C000244,P00172,view,2024-01-02T09:59:00
E000511,C000309,P00484,view,2024-01-02T11:18:00
E005545,C000044,P00352,view,2024-01-02T12:52:00
E000311,C000117,P00331,cart,2024-01-02T12:55:00
E001049,C000667,P00164,view,2024-01-02T14:18:00
E002673,C000108,P00184,cart,2024-01-02T15:34:00
E000986,C000234,P00173,view,2024-01-02T15:49:00
E001870,C000243,P00164,cart,2024-01-02T16:04:00
E003592,C000506,P00209,view,2024-01-02T16:04:00
E002661,C000749,P00272,view,2024-01-02T16:42:00
E003161,C000115,P00153,purchase,2024-01-02T16:46:00
E004668,C000036,P00205,view,2024-01-02T17:04:00
E002960,C000218,P00485,view,2024-01-02T17:10:00
E004566,C000212,P00340,cart,2024-01-02T17:53:00
E000367,C000336,P00256,cart,2024-01-02T18:13:00
E000919,C000632,P00424,view,2024-01-02T18:14:00
E005794,C000442,P00390,cart,2024-01-02T18:25:00
E003024,C000654,P00305,cart,2024-01-02T18:30:00
E004351,C000157,P00337,purchase,2024-01-02T18:50:00
E001440,C000357,P00314,view,2024-01-02T18:51:00
E002758,C000209,P00292,view,2024-01-02T19:06:00
E000275,C000500,P00206,view,2024-01-02T19:35:00
E001866,C000776,P00162,view,2024-01-02T19:46:00
E000310,C000746,P00357,view,2024-01-02T21:07:00
E002544,C000752,P00107,cart,2024-01-02T21:48:00
E003202,C000526,P00265,view,2024-01-02T22:00:00
E000591,C000534,P00374,view,2024-01-02T22:15:00
E001634,C000692,P00131,cart,2024-01-02T23:20:00
E005826,C000058,P00238,view,2024-01-03T00:03:00
E003708,C000677,P00239,view,2024-01-03T00:07:00
E002627,C000779,P00493,purchase,2024-01-03T00:23:00
E005403,C000546,P00350,view,2024-01-03T00:42:00
E000602,C000389,P00144,view,2024-01-03T00:46:00
E002047,C000683,P00321,cart,2024-01-03T00:46:00
E001025,C000339,P00199,purchase,2024-01-03T00:49:00
E005558,C000141,P00311,view,2024-01-03T01:11:00
E000505,C000532,P00072,cart,2024-01-03T01:13:00
E003085,C000234,P00071,view,2024-01-03T01:40:00
E004625,C000072,P00302,purchase,2024-01-03T01:58:00
E003913,C000060,P00073,purchase,2024-01-03T02:08:00
E000961,C000333,P00198,view,2024-01-03T02:19:00
E000722,C000582,P00339,cart,2024-01-03T02:30:00
E005288,C000501,P00220,view,2024-01-03T02:49:00
E000642,C000082,P00251,view,2024-01-03T04:15:00
E002049,C000736,P00037,purchase,2024-01-03T05:12:00
E001151,C000525,P00022,cart,2024-01-03T05:28:00
E002853,C000122,P00267,purchase,2024-01-03T05:38:00
E000442,C000325,P00464,view,2024-01-03T06:14:00
E003936,C000682,P00440,view,2024-01-03T06:28:00
E004947,C000336,P00416,view,2024-01-03T07:19:00
E004426,C000045,P00364,view,2024-01-03T08:34:00
E001181,C000333,P00450,cart,2024-01-03T09:27:00
E005584,C000074,P00028,cart,2024-01-03T09:37:00
E002707,C000267,P00062,cart,2024-01-03T09:48:00
E001714,C000648,P00208,view,2024-01-03T10:10:00
E004465,C000366,P00164,view,2024-01-03T10:25:00
E003531,C000561,P00403,view,2024-01-03T10:37:00
E003997,C000026,P00345,cart,2024-01-03T11:42:00
E004720,C000100,P00392,purchase,2024-01-03T12:18:00
E004111,C000473,P00193,view,2024-01-03T12:20:00
E005360,C000717,P00208,view,2024-01-03T12:25:00
E002921,C000017,P00022,view,2024-01-03T12:28:00
E002068,C000554,P00439,view,2024-01-03T12:47:00
E005393,C000604,P00486,purchase,2024-01-03T13:03:00
E001117,C000423,P00497,view,2024-01-03T13:33:00
E002695,C000369,P00262,view,2024-01-03T14:34:00
E000215,C000617,P00162,view,2024-01-03T14:36:00
E000243,C000694,P00061,view,2024-01-03T14:56:00
E005987,C000381,P00256,view,2024-01-03T16:04:00
E005316,C000111,P00492,view,2024-01-03T16:13:00
E003519,C000577,P00439,view,2024-01-03T16:18:00
E005247,C000765,P00019,cart,2024-01-03T16:30:00
E003436,C000729,P00176,view,2024-01-03T16:37:00
E004024,C000300,P00183,view,2024-01-03T16:52:00
E004030,C000602,P00018,view,2024-01-03T17:26:00
E003784,C000168,P00434,cart,2024-01-03T17:33:00
E003418,C000648,P00429,view,2024-01-03T18:18:00
E000388,C000363,P00137,view,2024-01-03T18:24:00
E001756,C000309,P00219,view,2024-01-03T18:27:00
E001066,C000425,P00444,view,2024-01-03T19:44:00
E003552,C000355,P00019,purchase,2024-01-03T19:50:00
E005753,C000759,P00476,cart,2024-01-03T20:03:00
E004078,C000443,P00074,view,2024-01-03T20:40:00
E003283,C000235,P00070,cart,2024-01-03T20:55:00
E005777,C000536,P00074,purchase,2024-01-03T21:01:00
E000328,C000661,P00092,view,2024-01-03T21:58:00
E000216,C000639,P00268,view,2024-01-03T22:20:00
E003981,C000033,P00366,cart,2024-01-03T23:15:00
E000030,C000765,P00352,view,2024-01-03T23:23:00
E004023,C000115,P00117,cart,2024-01-03T23:38:00
E002309,C000065,P00041,purchase,2024-01-04T00:10:00
E005352,C000434,P00481,purchase,2024-01-04T00:13:00
E005881,C000376,P00113,view,2024-01-04T00:46:00
E004732,C000480,P00476,view,2024-01-04T00:50:00
E005966,C000081,P00161,view,2024-01-04T01:46:00
E004293,C000365,P00232,cart,2024-01-04T02:10:00
E003587,C000569,P00212,cart,2024-01-04T02:54:00
E003976,C000707,P00454,cart,2024-01-04T03:37:00
E004811,C000229,P00146,view,2024-01-04T04:45:00
E000551,C000603,P00082,view,2024-01-04T05:36:00
E004582,C000383,P00240,view,2024-01-04T05:45:00
E004076,C000060,P00111,view,2024-01-04T06:01:00
E001345,C000092,P00262,purchase,2024-01-04T06:05:00
E001673,C000261,P00167,view,2024-01-04T06:07:00
E001169,C000543,P00109,view,2024-01-04T07:33:00
E003402,C000195,P00164,cart,2024-01-04T09:11:00
E000085,C000009,P00406,view,2024-01-04T09:35:00
E003538,C000752,P00387,purchase,2024-01-04T09:37:00
E001978,C000237,P00339,purchase,2024-01-04T10:10:00
E000157,C000468,P00181,purchase,2024-01-04T10:21:00
E002847,C000585,P00347,cart,2024-01-04T10:28:00
E005653,C000110,P00458,view,2024-01-04T10:33:00
E001814,C000530,P00428,view,2024-01-04T11:30:00
E002591,C000483,P00365,purchase,2024-01-04T12:26:00
E003184,C000732,P00421,purchase,2024-01-04T12:36:00
E002828,C000242,P00185,purchase,2024-01-04T13:44:00
E003698,C000655,P00036,view,2024-01-04T13:52:00
E003746,C000674,P00302,view,2024-01-04T14:03:00
E000059,C000519,P00197,view,2024-01-04T14:08:00
E003700,C000260,P00003,purchase,2024-01-04T14:19:00
E001778,C000570,P00412,cart,2024-01-04T14:23:00
E003072,C000136,P00124,view,2024-01-04T14:36:00
E000481,C000636,P00024,view,2024-01-04T15:20:00
E005235,C000528,P00187,purchase,2024-01-04T15:21:00
E003665,C000438,P00208,view,2024-01-04T16:09:00
E000303,C000164,P00072,view,2024-01-04T16:19:00
E004256,C000284,P00326,cart,2024-01-04T16:48:00
E000202,C000294,P00170,view,2024-01-04T17:45:00
E002952,C000568,P00222,purchase,2024-01-04T18:09:00
E002837,C000658,P00381,cart,2024-01-04T18:57:00
E000876,C000313,P00117,view,2024-01-04T20:27:00
E000833,C000056,P00402,purchase,2024-01-04T20:30:00
E002690,C000442,P00360,view,2024-01-04T22:21:00
E001675,C000013,P00263,purchase,2024-01-04T22:25:00
E001645,C000063,P00093,view,2024-01-04T22:33:00
E004873,C000591,P00271,view,2024-01-04T22:55:00
E000382,C000604,P00465,cart,2024-01-04T23:24:00
E000835,C000631,P00322,view,2024-01-05T00:08:00
E005450,C000483,P00174,view,2024-01-05T00:24:00
E001400,C000364,P00321,purchase,2024-01-05T00:38:00
E002741,C000433,P00247,purchase,2024-01-05T00:53:00
E001179,C000153,P00094,view,2024-01-05T02:01:00
E002091,C000150,P00375,view,2024-01-05T02:01:00
E003271,C000771,P00461,view,2024-01-05T02:41:00
E005294,C000398,P00056,cart,2024-01-05T02:46:00
E004921,C000377,P00295,view,2024-01-05T03:09:00
E001379,C000513,P00297,cart,2024-01-05T04:10:00
E001322,C000342,P00302,cart,2024-01-05T04:39:00
E001544,C000797,P00296,purchase,2024-01-05T06:09:00
E005902,C000160,P00082,view,2024-01-05T06:13:00
E005727,C000647,P00021,view,2024-01-05T06:22:00
E000180,C000146,P00059,view,2024-01-05T06:41:00
E000286,C000319,P00125,cart,2024-01-05T07:11:00
E005659,C000621,P00077,view,2024-01-05T09:03:00
E005308,C000648,P00093,view,2024-01-05T09:07:00
E003681,C000198,P00047,purchase,2024-01-05T09:19:00
E005793,C000255,P00342,view,2024-01-05T09:42:00
E005707,C000017,P00199,view,2024-01-05T09:43:00
E004997,C000130,P00203,view,2024-01-05T10:43:00
E000628,C000359,P00468,view,2024-01-05T10:50:00
E004377,C000127,P00397,cart,2024-01-05T11:35:00
E005914,C000723,P00052,view,2024-01-05T11:49:00
E005286,C000602,P00297,purchase,2024-01-05T12:12:00
E004098,C000625,P00050,cart,2024-01-05T12:12:00
E005065,C000121,P00240,purchase,2024-01-05T12:17:00
E002303,C000076,P00426,view,2024-01-05T12:30:00
E001121,C000766,P00399,cart,2024-01-05T13:35:00
E001697,C000658,P00083,view,2024-01-05T13:48:00
E001425,C000179,P00201,view,2024-01-05T14:03:00
E004110,C000484,P00454,view,2024-01-05T14:10:00
E003234,C000017,P00443,view,2024-01-05T15:11:00
E003671,C000352,P00326,cart,2024-01-05T15:39:00
E003544,C000266,P00325,view,2024-01-05T15:59:00
E004854,C000457,P00247,view,2024-01-05T16:30:00
E000887,C000693,P00410,purchase,2024-01-05T16:51:00
E001505,C000445,P00483,view,2024-01-05T17:01:00
E004926,C000658,P00032,purchase,2024-01-05T17:25:00
E003603,C000131,P00085,purchase,2024-01-05T18:12:00
E004315,C000753,P00199,view,2024-01-05T19:24:00
E003320,C000280,P00052,cart,2024-01-05T19:50:00
E000315,C000601,P00103,purchase,2024-01-05T21:08:00
E002672,C000363,P00024,view,2024-01-05T21:58:00
E004611,C000690,P00111,view,2024-01-05T22:03:00
E004517,C000718,P00006,view,2024-01-05T22:20:00
E001960,C000563,P00455,view,2024-01-05T22:46:00
E005950,C000595,P00016,view,2024-01-05T23:37:00
E001380,C000076,P00376,view,2024-01-06T02:57:00
E000223,C000523,P00381,purchase,2024-01-06T03:10:00
E003674,C000102,P00414,view,2024-01-06T03:29:00
E003839,C000317,P00487,purchase,2024-01-06T03:57:00
E000922,C000295,P00053,cart,2024-01-06T04:07:00
E002120,C000404,P00155,purchase,2024-01-06T04:19:00
E001992,C000049,P00037,purchase,2024-01-06T05:12:00
E003179,C000380,P00041,view,2024-01-06T06:51:00
E001897,C000304,P00383,cart,2024-01-06T07:07:00
E000788,C000730,P00244,cart,2024-01-06T07:14:00
E004316,C000087,P00229,view,2024-01-06T08:07:00
E004595,C000798,P00277,view,2024-01-06T08:16:00
E002873,C000503,P00179,cart,2024-01-06T09:28:00
E001810,C000535,P00214,cart,2024-01-06T09:29:00
E002392,C000734,P00367,purchase,2024-01-06T09:36:00
E004842,C000670,P00422,cart,2024-01-06T09:36:00
E001207,C000597,P00032,view,2024-01-06T11:07:00
E000300,C000351,P00371,purchase,2024-01-06T11:16:00
E001362,C000302,P00042,view,2024-01-06T11:20:00
E000914,C000775,P00292,cart,2024-01-06T11:30:00
E001917,C000612,P00156,view,2024-01-06T11:56:00
E003300,C000057,P00149,view,2024-01-06T13:15:00
E003779,C000307,P00365,view,2024-01-06T14:39:00
E001593,C000487,P00156,purchase,2024-01-06T15:35:00
E001082,C000550,P00044,view,2024-01-06T15:38:00
E005720,C000770,P00237,purchase,2024-01-06T17:31:00
E000640,C000143,P00301,view,2024-01-06T17:34:00
E001057,C000645,P00455,view,2024-01-06T17:35:00
E000465,C000496,P00170,view,2024-01-06T17:46:00
E000321,C000021,P00359,view,2024-01-06T17:57:00
E005167,C000283,P00297,cart,2024-01-06T18:05:00
E005222,C000676,P00020,view,2024-01-06T18:20:00
E000466,C000073,P00453,purchase,2024-01-06T18:45:00
E003672,C000566,P00435,view,2024-01-06T19:13:00
E002726,C000072,P00305,purchase,2024-01-06T19:34:00
E002702,C000072,P00238,view,2024-01-06T19:37:00
E005893,C000500,P00206,view,2024-01-06T20:07:00
E000728,C000292,P00219,view,2024-01-06T20:07:00
E000535,C000355,P00157,view,2024-01-06T20:55:00
E001023,C000605,P00355,view,2024-01-06T21:12:00
E000799,C000526,P00354,view,2024-01-06T21:43:00
E000087,C000550,P00160,view,2024-01-06T21:49:00
E005447,C000209,P00286,view,2024-01-06T22:51:00
E003227,C000515,P00440,view,2024-01-06T23:13:00
E005492,C000172,P00048,view,2024-01-07T00:00:00
E004646,C000241,P00262,view,2024-01-07T00:05:00
E005169,C000433,P00471,view,2024-01-07T00:08:00
E002315,C000503,P00271,view,2024-01-07T00:18:00
E000569,C000359,P00454,view,2024-01-07T00:18:00
E002075,C000076,P00161,view,2024-01-07T00:28:00
E004357,C000060,P00097,view,2024-01-07T01:52:00
E005512,C000148,P00415,view,2024-01-07T02:13:00
E000691,C000100,P00445,purchase,2024-01-07T02:21:00
E005809,C000579,P00187,cart,2024-01-07T02:48:00
E004129,C000288,P00106,view,2024-01-07T03:36:00
E002809,C000546,P00085,view,2024-01-07T03:49:00
E004488,C000584,P00149,view,2024-01-07T03:52:00
E003676,C000656,P00033,view,2024-01-07T04:25:00
E005985,C000765,P00256,view,2024-01-07T04:54:00
E005364,C000422,P00055,cart,2024-01-07T05:47:00
E003007,C000707,P00360,view,2024-01-07T06:11:00
E005888,C000067,P00247,purchase,2024-01-07T06:50:00
E003661,C000419,P00344,view,2024-01-07T06:51:00
E001736,C000243,P00018,cart,2024-01-07T07:20:00
E004244,C000328,P00225,view,2024-01-07T07:27:00
E001275,C000577,P00141,cart,2024-01-07T09:17:00
E003828,C000078,P00422,cart,2024-01-07T09:24:00
E004817,C000712,P00451,purchase,2024-01-07T09:56:00
E005102,C000201,P00453,view,2024-01-07T09:58:00
E002920,C000706,P00268,view,2024-01-07T11:08:00
E002359,C000114,P00239,purchase,2024-01-07T12:23:00
E003289,C000662,P00234,cart,2024-01-07T12:44:00
E000739,C000777,P00495,view,2024-01-07T12:59:00
E004094,C000234,P00309,view,2024-01-07T13:14:00
E000791,C000667,P00153,view,2024-01-07T13:26:00
E001826,C000406,P00489,purchase,2024-01-07T13:48:00
E002605,C000629,P00374,purchase,2024-01-07T14:20:00
E003082,C000451,P00015,view,2024-01-07T14:42:00
E003891,C000692,P00334,view,2024-01-07T15:36:00
E005705,C000393,P00481,view,2024-01-07T15:49:00
E002563,C000505,P00254,purchase,2024-01-07T15:53:00
E001448,C000761,P00071,view,2024-01-07T16:12:00
E004512,C000113,P00024,view,2024-01-07T16:41:00
E005560,C000121,P00477,view,2024-01-07T16:45:00
E003057,C000147,P00327,purchase,2024-01-07T16:55:00
E000128,C000064,P00267,view,2024-01-07T18:24:00
E005703,C000280,P00040,view,2024-01-07T18:46:00
E000525,C000373,P00253,cart,2024-01-07T19:05:00
E000155,C000760,P00456,cart,2024-01-07T19:30:00
E001361,C000469,P00426,view,2024-01-07T20:18:00
E001198,C000478,P00386,view,2024-01-07T20:45:00
E005416,C000738,P00045,view,2024-01-07T21:11:00
E001655,C000482,P00351,view,2024-01-07T21:14:00
E000270,C000109,P00385,cart,2024-01-07T22:46:00
E004047,C000784,P00436,view,2024-01-08T00:00:00
E003800,C000216,P00403,view,2024-01-08T01:24:00
E003612,C000204,P00474,view,2024-01-08T01:38:00
E005146,C000024,P00257,cart,2024-01-08T02:12:00
E004176,C000391,P00235,view,2024-01-08T02:39:00
E003686,C000146,P00365,cart,2024-01-08T03:23:00
E003492,C000092,P00002,view,2024-01-08T03:40:00
E000187,C000765,P00295,view,2024-01-08T04:13:00
E001596,C000612,P00389,view,2024-01-08T04:14:00
E002385,C000484,P00247,view,2024-01-08T04:17:00
E005243,C000305,P00361,view,2024-01-08T04:44:00
E001806,C000593,P00249,view,2024-01-08T05:02:00
E005328,C000658,P00147,purchase,2024-01-08T05:11:00
E001267,C000233,P00243,cart,2024-01-08T05:16:00
E002717,C000363,P00282,cart,2024-01-08T06:06:00
E000450,C000621,P00238,view,2024-01-08T06:20:00
E001029,C000602,P00479,view,2024-01-08T06:37:00
E003336,C000046,P00143,view,2024-01-08T07:20:00
E000273,C000584,P00093,view,2024-01-08T07:43:00
E003506,C000257,P00128,purchase,2024-01-08T08:59:00
E005428,C000579,P00211,view,2024-01-08T09:38:00
E002056,C000494,P00112,view,2024-01-08T10:17:00
E004700,C000779,P00430,view,2024-01-08T11:31:00
E004505,C000661,P00128,view,2024-01-08T11:34:00
E000866,C000322,P00466,view,2024-01-08T12:06:00
E001051,C000756,P00425,cart,2024-01-08T12:42:00
E003141,C000442,P00498,view,2024-01-08T13:19:00
E000740,C000285,P00164,view,2024-01-08T14:16:00
E003939,C000473,P00422,view,2024-01-08T14:44:00
E003738,C000745,P00216,view,2024-01-08T15:07:00
E005643,C000317,P00238,view,2024-01-08T15:16:00
E003678,C000449,P00258,view,2024-01-08T15:34:00
E004721,C000478,P00244,view,2024-01-08T16:00:00
E000654,C000021,P00250,view,2024-01-08T16:09:00
E002367,C000400,P00041,view,2024-01-08T16:17:00
E002662,C000276,P00040,view,2024-01-08T16:51:00
E001646,C000617,P00020,view,2024-01-08T16:51:00
E004726,C000047,P00449,view,2024-01-08T17:16:00
E004267,C000282,P00383,view,2024-01-08T17:19:00
E001754,C000188,P00306,purchase,2024-01-08T17:25:00
E003315,C000540,P00384,view,2024-01-08T17:57:00
E005516,C000478,P00167,view,2024-01-08T18:58:00
E004617,C000679,P00270,cart,2024-01-08T19:20:00
E002831,C000264,P00317,view,2024-01-08T20:21:00
E000666,C000184,P00167,view,2024-01-08T21:30:00
E005838,C000345,P00306,view,2024-01-08T22:38:00
E004780,C000202,P00203,view,2024-01-08T22:48:00
E004349,C000373,P00121,cart,2024-01-08T23:37:00
E000350,C000399,P00239,purchase,2024-01-09T01:03:00
E004266,C000402,P00322,view,2024-01-09T01:12:00
E000812,C000123,P00151,view,2024-01-09T01:23:00
E002795,C000472,P00323,view,2024-01-09T02:25:00
E001175,C000672,P00311,view,2024-01-09T02:30:00
E005884,C000022,P00231,purchase,2024-01-09T02:59:00
E000721,C000607,P00037,view,2024-01-09T03:43:00
E000047,C000500,P00079,view,2024-01-09T03:58:00
E002509,C000253,P00406,view,2024-01-09T04:16:00
E005595,C000528,P00103,cart,2024-01-09T04:18:00
E005947,C000126,P00315,purchase,2024-01-09T04:40:00
E002363,C000707,P00080,view,2024-01-09T05:12:00
E003291,C000365,P00121,purchase,2024-01-09T05:55:00
E004402,C000258,P00278,cart,2024-01-09T06:40:00
E001731,C000768,P00098,cart,2024-01-09T06:43:00
E001661,C000557,P00422,purchase,2024-01-09T07:36:00
E001845,C000520,P00222,view,2024-01-09T07:40:00
E002767,C000095,P00116,cart,2024-01-09T08:15:00
E000753,C000320,P00413,view,2024-01-09T09:37:00
E005564,C000520,P00416,purchase,2024-01-09T11:17:00
E004165,C000580,P00182,cart,2024-01-09T11:21:00
E004378,C000290,P00491,purchase,2024-01-09T13:17:00
E004823,C000126,P00251,cart,2024-01-09T13:22:00
E005464,C000387,P00072,view,2024-01-09T13:32:00
E002166,C000767,P00390,view,2024-01-09T13:39:00
E002768,C000179,P00294,view,2024-01-09T13:53:00
E000863,C000004,P00326,cart,2024-01-09T14:04:00
E001619,C000648,P00457,view,2024-01-09T14:11:00
E005801,C000713,P00233,view,2024-01-09T16:12:00
E000898,C000531,P00121,view,2024-01-09T16:25:00
E001480,C000396,P00035,view,2024-01-09T18:14:00
E005941,C000728,P00462,cart,2024-01-09T18:43:00
E004428,C000142,P00255,cart,2024-01-09T18:45:00
E001119,C000603,P00245,view,2024-01-09T18:51:00
E003872,C000413,P00033,purchase,2024-01-09T18:55:00
E002934,C000128,P00301,view,2024-01-09T19:20:00
E000980,C000271,P00207,view,2024-01-09T20:22:00
E003326,C000170,P00497,view,2024-01-09T20:58:00
E002821,C000182,P00494,view,2024-01-09T22:29:00
E005110,C000572,P00290,view,2024-01-09T23:17:00
E001608,C000201,P00373,purchase,2024-01-09T23:19:00
E002964,C000592,P00467,purchase,2024-01-09T23:22:00
E003703,C000234,P00198,cart,2024-01-09T23:38:00
E001789,C000009,P00313,cart,2024-01-10T00:00:00
E000821,C000089,P00060,view,2024-01-10T00:12:00
E004028,C000783,P00254,purchase,2024-01-10T00:13:00
E003705,C000795,P00239,cart,2024-01-10T00:24:00
E000281,C000741,P00078,view,2024-01-10T00:30:00
E000488,C000462,P00004,cart,2024-01-10T00:36:00
E005032,C000763,P00134,cart,2024-01-10T00:37:00
E004063,C000004,P00074,view,2024-01-10T00:51:00
E005165,C000461,P00127,view,2024-01-10T01:07:00
E004789,C000691,P00256,view,2024-01-10T01:40:00
E001360,C000771,P00180,view,2024-01-10T01:52:00
E001122,C000496,P00241,cart,2024-01-10T02:21:00
E005262,C000218,P00383,view,2024-01-10T03:04:00
E000579,C000002,P00060,view,2024-01-10T03:24:00
E001531,C000085,P00330,view,2024-01-10T03:31:00
E002141,C000451,P00383,view,2024-01-10T03:52:00
E002017,C000598,P00197,view,2024-01-10T04:12:00
E001943,C000641,P00448,view,2024-01-10T04:32:00
E000062,C000377,P00357,view,2024-01-10T04:48:00
E003321,C000727,P00137,purchase,2024-01-10T04:49:00
E003774,C000152,P00383,cart,2024-01-10T05:21:00
E000083,C000643,P00055,view,2024-01-10T05:23:00
E000689,C000644,P00260,view,2024-01-10T05:25:00
E005993,C000216,P00239,purchase,2024-01-10T06:24:00
E001976,C000468,P00265,view,2024-01-10T06:49:00
E002215,C000180,P00124,view,2024-01-10T06:59:00
E004197,C000162,P00155,view,2024-01-10T08:04:00
E004599,C000087,P00062,view,2024-01-10T09:24:00
E000871,C000117,P00112,view,2024-01-10T09:33:00
E002967,C000098,P00013,view,2024-01-10T10:06:00
E003209,C000167,P00308,view,2024-01-10T11:22:00
E005672,C000113,P00211,view,2024-01-10T11:30:00
E003706,C000022,P00090,purchase,2024-01-10T11:46:00
E005162,C000760,P00006,view,2024-01-10T12:05:00
E000944,C000134,P00116,purchase,2024-01-10T12:08:00
E004174,C000666,P00134,view,2024-01-10T12:39:00
E003212,C000318,P00338,view,2024-01-10T13:41:00
E000847,C000387,P00263,cart,2024-01-10T14:20:00
E000338,C000415,P00367,view,2024-01-10T14:31:00
E003335,C000645,P00463,cart,2024-01-10T15:01:00
E000329,C000390,P00376,cart,2024-01-10T16:03:00
E001547,C000508,P00459,purchase,2024-01-10T16:24:00
E002889,C000689,P00445,cart,2024-01-10T16:44:00
E004639,C000520,P00263,view,2024-01-10T17:16:00
E001706,C000021,P00097,view,2024-01-10T17:39:00
E004423,C000703,P00154,view,2024-01-10T18:01:00
E005267,C000446,P00123,cart,2024-01-10T18:04:00
E003957,C000460,P00198,purchase,2024-01-10T18:09:00
E000711,C000773,P00273,view,2024-01-10T18:10:00
E002163,C000773,P00179,view,2024-01-10T18:11:00
E002162,C000219,P00186,purchase,2024-01-10T18:21:00
E005354,C000489,P00218,view,2024-01-10T18:53:00
E002439,C000733,P00438,view,2024-01-10T18:59:00
E005449,C000585,P00424,cart,2024-01-10T20:13:00
E002016,C000592,P00418,view,2024-01-10T20:32:00
E000386,C000037,P00145,purchase,2024-01-10T20:49:00
E003655,C000484,P00030,view,2024-01-10T20:50:00
E001042,C000563,P00075,view,2024-01-10T22:07:00
E004798,C000621,P00296,cart,2024-01-10T23:05:00
E002264,C000266,P00031,view,2024-01-11T01:00:00
E003557,C000645,P00274,purchase,2024-01-11T01:17:00
E003862,C000508,P00264,cart,2024-01-11T01:27:00
E000088,C000641,P00060,cart,2024-01-11T02:22:00
E002579,C000036,P00153,view,2024-01-11T02:35:00
E000912,C000562,P00422,view,2024-01-11T02:58:00
E000537,C000549,P00076,view,2024-01-11T03:00:00
E005812,C000677,P00291,cart,2024-01-11T03:03:00
E000160,C000633,P00106,view,2024-01-11T03:27:00
E005397,C000409,P00171,cart,2024-01-11T03:37:00
E004681,C000614,P00398,view,2024-01-11T03:39:00
E004832,C000600,P00481,view,2024-01-11T04:32:00
E001952,C000414,P00015,cart,2024-01-11T05:00:00
E001264,C000041,P00100,view,2024-01-11T05:33:00
E002728,C000445,P00468,view,2024-01-11T05:40:00
E004942,C000686,P00296,purchase,2024-01-11T05:58:00
E004037,C000447,P00468,view,2024-01-11T06:07:00
E000779,C000687,P00415,purchase,2024-01-11T06:28:00
E001112,C000146,P00261,view,2024-01-11T06:43:00
E005979,C000791,P00111,view,2024-01-11T06:49:00
E002288,C000679,P00055,purchase,2024-01-11T06:52:00
E002368,C000115,P00408,purchase,2024-01-11T07:19:00
E004824,C000115,P00244,purchase,2024-01-11T07:54:00
E001079,C000133,P00491,view,2024-01-11T08:07:00
E000509,C000629,P00271,view,2024-01-11T08:12:00
E003847,C000484,P00174,view,2024-01-11T08:36:00
E004533,C000289,P00470,view,2024-01-11T08:42:00
E000735,C000380,P00079,view,2024-01-11T08:54:00
E002196,C000474,P00485,view,2024-01-11T09:09:00
E002297,C000687,P00376,view,2024-01-11T10:03:00
E002284,C000174,P00347,purchase,2024-01-11T10:10:00
E004628,C000172,P00475,view,2024-01-11T10:36:00
E004571,C000216,P00314,view,2024-01-11T11:18:00
E003719,C000159,P00340,view,2024-01-11T11:22:00
E003187,C000076,P00115,view,2024-01-11T12:27:00
E001109,C000673,P00335,view,2024-01-11T12:51:00
E000104,C000115,P00017,view,2024-01-11T13:24:00
E004210,C000049,P00142,view,2024-01-11T14:43:00
E001774,C000606,P00483,cart,2024-01-11T15:52:00
E003425,C000058,P00109,purchase,2024-01-11T16:23:00
E004442,C000122,P00081,cart,2024-01-11T16:53:00
E005989,C000681,P00072,cart,2024-01-11T17:34:00
E002191,C000631,P00049,cart,2024-01-11T17:47:00
E002526,C000011,P00394,view,2024-01-11T17:57:00
E001573,C000322,P00149,purchase,2024-01-11T18:31:00
E000590,C000475,P00152,view,2024-01-11T18:50:00
E001650,C000038,P00303,view,2024-01-11T18:58:00
E005896,C000693,P00450,view,2024-01-11T19:07:00
E005655,C000599,P00050,purchase,2024-01-11T19:16:00
E004178,C000686,P00088,view,2024-01-11T20:00:00
E002777,C000778,P00094,view,2024-01-11T20:10:00
E004861,C000624,P00048,view,2024-01-11T20:22:00
E002182,C000700,P00259,view,2024-01-11T20:29:00
E000175,C000428,P00273,cart,2024-01-11T20:34:00
E003039,C000207,P00349,view,2024-01-11T20:43:00
E002198,C000751,P00451,cart,2024-01-11T20:53:00
E001987,C000608,P00386,view,2024-01-11T21:00:00
E003308,C000772,P00236,view,2024-01-11T22:09:00
E001427,C000194,P00485,purchase,2024-01-11T22:21:00
E002238,C000278,P00273,cart,2024-01-11T23:15:00
E004371,C000750,P00448,view,2024-01-11T23:40:00
E001228,C000605,P00085,view,2024-01-12T00:21:00
E000387,C000091,P00305,purchase,2024-01-12T01:11:00
E001895,C000419,P00224,cart,2024-01-12T02:15:00
E002841,C000084,P00312,view,2024-01-12T02:43:00
E002597,C000281,P00004,view,2024-01-12T02:56:00
E004523,C000281,P00446,purchase,2024-01-12T03:18:00
E001907,C000280,P00454,view,2024-01-12T03:27:00
E005689,C000595,P00039,view,2024-01-12T04:36:00
E001949,C000020,P00090,view,2024-01-12T05:04:00
E002256,C000518,P00105,purchase,2024-01-12T05:23:00
E001128,C000085,P00483,view,2024-01-12T06:23:00
E003385,C000068,P00073,purchase,2024-01-12T06:44:00
E002648,C000775,P00040,cart,2024-01-12T07:30:00
E004546,C000202,P00476,cart,2024-01-12T07:49:00
E003635,C000028,P00047,view,2024-01-12T08:06:00
E001469,C000173,P00280,cart,2024-01-12T08:28:00
E000545,C000188,P00141,view,2024-01-12T08:47:00
E000133,C000743,P00307,cart,2024-01-12T08:59:00
E000307,C000186,P00102,cart,2024-01-12T09:53:00
E001272,C000060,P00227,view,2024-01-12T11:26:00
E005469,C000626,P00193,cart,2024-01-12T11:51:00
E001911,C000565,P00048,view,2024-01-12T12:03:00
E005542,C000110,P00016,view,2024-01-12T12:36:00
E001194,C000467,P00392,view,2024-01-12T12:43:00
E002990,C000209,P00312,purchase,2024-01-12T12:47:00
E003817,C000640,P00302,cart,2024-01-12T13:03:00
E004600,C000663,P00497,view,2024-01-12T13:12:00
E002789,C000013,P00472,view,2024-01-12T13:48:00
E003762,C000171,P00378,purchase,2024-01-12T14:17:00
E001008,C000272,P00336,view,2024-01-12T14:26:00
E002936,C000738,P00159,view,2024-01-12T14:46:00
E001758,C000512,P00104,view,2024-01-12T14:55:00
E005103,C000733,P00451,cart,2024-01-12T15:01:00
E000968,C000410,P00266,view,2024-01-12T16:17:00
E002732,C000256,P00343,view,2024-01-12T16:53:00
E005517,C000344,P00243,view,2024-01-12T17:05:00
E002143,C000118,P00280,view,2024-01-12T17:24:00
E005432,C000683,P00388,cart,2024-01-12T17:35:00
E005927,C000503,P00303,cart,2024-01-12T18:00:00
E003376,C000667,P00196,view,2024-01-12T18:24:00
E003906,C000408,P00036,purchase,2024-01-12T19:12:00
E004925,C000182,P00149,view,2024-01-12T19:24:00
E005433,C000094,P00214,view,2024-01-12T19:49:00
E002972,C000017,P00435,view,2024-01-12T20:08:00
E004635,C000058,P00436,view,2024-01-12T21:08:00
E003969,C000217,P00166,view,2024-01-12T22:13:00
E001004,C000681,P00031,view,2024-01-12T22:49:00
E002598,C000324,P00213,view,2024-01-12T22:55:00
E000992,C000291,P00170,view,2024-01-12T23:28:00
E002168,C000465,P00212,view,2024-01-13T00:36:00
E000436,C000106,P00320,cart,2024-01-13T01:12:00
E000494,C000565,P00280,view,2024-01-13T01:29:00
E002399,C000536,P00149,view,2024-01-13T01:38:00
E004331,C000117,P00073,view,2024-01-13T01:58:00
E004410,C000613,P00438,view,2024-01-13T02:04:00
E001150,C000387,P00240,view,2024-01-13T02:07:00
E002497,C000382,P00034,purchase,2024-01-13T02:37:00
E000209,C000047,P00242,view,2024-01-13T02:45:00
E001950,C000752,P00082,purchase,2024-01-13T03:02:00
E001916,C000370,P00175,view,2024-01-13T03:41:00
E003932,C000133,P00226,cart,2024-01-13T04:10:00
E004831,C000183,P00274,purchase,2024-01-13T04:31:00
E000573,C000116,P00430,purchase,2024-01-13T04:53:00
E004559,C000028,P00129,purchase,2024-01-13T05:29:00
E002762,C000012,P00352,view,2024-01-13T05:53:00
E003937,C000082,P00230,view,2024-01-13T06:07:00
E001486,C000018,P00499,purchase,2024-01-13T07:42:00
E000407,C000747,P00119,cart,2024-01-13T08:15:00
E000860,C000571,P00219,purchase,2024-01-13T08:17:00
E000214,C000193,P00405,view,2024-01-13T08:30:00
E005508,C000765,P00417,view,2024-01-13T08:37:00
E002776,C000296,P00236,view,2024-01-13T09:06:00
E001229,C000084,P00284,view,2024-01-13T09:43:00
E003319,C000595,P00491,view,2024-01-13T09:47:00
E003963,C000538,P00124,purchase,2024-01-13T10:09:00
E005784,C000345,P00452,view,2024-01-13T10:10:00
E002401,C000765,P00215,view,2024-01-13T10:32:00
E003453,C000539,P00425,cart,2024-01-13T10:44:00
E002842,C000606,P00270,view,2024-01-13T10:45:00
E000627,C000584,P00310,view,2024-01-13T11:25:00
E004918,C000718,P00476,view,2024-01-13T11:31:00
E005714,C000486,P00033,cart,2024-01-13T11:54:00
E005869,C000348,P00322,view,2024-01-13T12:22:00
E002135,C000406,P00210,view,2024-01-13T12:34:00
E000472,C000028,P00362,view,2024-01-13T12:36:00
E005500,C000107,P00070,view,2024-01-13T13:00:00
E005463,C000091,P00316,view,2024-01-13T13:11:00
E000977,C000397,P00089,purchase,2024-01-13T13:36:00
E000575,C000578,P00009,purchase,2024-01-13T13:43:00
E002980,C000298,P00465,view,2024-01-13T14:39:00
E001107,C000409,P00022,view,2024-01-13T14:50:00
E002668,C000700,P00498,view,2024-01-13T15:08:00
E004440,C000722,P00116,view,2024-01-13T15:33:00
E003073,C000385,P00024,view,2024-01-13T17:48:00
E004141,C000715,P00200,view,2024-01-13T18:11:00
E000679,C000061,P00200,cart,2024-01-13T19:20:00
E000830,C000320,P00229,view,2024-01-13T19:49:00
E001393,C000118,P00472,cart,2024-01-13T20:00:00
E004175,C000549,P00115,view,2024-01-13T20:44:00
E000634,C000439,P00237,view,2024-01-13T21:03:00
E000881,C000465,P00015,view,2024-01-13T21:10:00
E003964,C000436,P00440,cart,2024-01-13T22:14:00
E001270,C000086,P00415,cart,2024-01-13T22:39:00
E000245,C000084,P00450,view,2024-01-13T23:33:00
E002094,C000438,P00205,purchase,2024-01-13T23:41:00
E004441,C000722,P00474,view,2024-01-14T00:03:00
E000915,C000083,P00048,view,2024-01-14T00:33:00
E002516,C000017,P00182,view,2024-01-14T00:36:00
E003074,C000528,P00487,view,2024-01-14T01:04:00
E000684,C000738,P00045,view,2024-01-14T01:14:00
E004504,C000271,P00379,cart,2024-01-14T01:26:00
E002291,C000231,P00120,view,2024-01-14T01:56:00
E003633,C000281,P00243,view,2024-01-14T03:20:00
E002549,C000552,P00339,view,2024-01-14T03:50:00
E001253,C000040,P00057,cart,2024-01-14T04:33:00
E000819,C000368,P00489,view,2024-01-14T05:10:00
E005242,C000221,P00202,view,2024-01-14T06:59:00
E003237,C000086,P00052,view,2024-01-14T07:13:00
E003474,C000503,P00298,view,2024-01-14T07:14:00
E002092,C000612,P00354,view,2024-01-14T07:39:00
E005372,C000686,P00332,view,2024-01-14T08:04:00
E002805,C000252,P00149,cart,2024-01-14T08:08:00
E005773,C000567,P00341,cart,2024-01-14T08:56:00
E004901,C000503,P00401,purchase,2024-01-14T09:58:00
E003226,C000175,P00313,view,2024-01-14T10:13:00
E005739,C000773,P00084,view,2024-01-14T10:15:00
E002468,C000389,P00140,view,2024-01-14T10:27:00
E002701,C000130,P00026,view,2024-01-14T10:42:00
E000776,C000696,P00026,cart,2024-01-14T11:11:00
E004406,C000638,P00370,view,2024-01-14T11:21:00
E003419,C000167,P00304,view,2024-01-14T11:44:00
E004577,C000761,P00468,cart,2024-01-14T11:58:00
E000228,C000695,P00227,view,2024-01-14T12:04:00
E000613,C000123,P00278,view,2024-01-14T12:22:00
E003491,C000287,P00462,view,2024-01-14T12:40:00
E003517,C000329,P00140,view,2024-01-14T13:32:00
E003110,C000487,P00234,cart,2024-01-14T14:16:00
E003324,C000721,P00187,cart,2024-01-14T14:23:00
E002899,C000239,P00198,view,2024-01-14T14:55:00
E001913,C000605,P00426,cart,2024-01-14T16:05:00
E000894,C000144,P00264,purchase,2024-01-14T16:53:00
E002335,C000618,P00049,purchase,2024-01-14T17:14:00
E002048,C000224,P00110,cart,2024-01-14T17:37:00
E002208,C000486,P00023,view,2024-01-14T18:03:00
E001132,C000006,P00031,view,2024-01-14T18:25:00
E002883,C000709,P00106,view,2024-01-14T18:45:00
E005538,C000756,P00247,purchase,2024-01-14T18:46:00
E000889,C000314,P00242,view,2024-01-14T19:55:00
E004262,C000307,P00276,view,2024-01-14T19:59:00
E002675,C000713,P00118,view,2024-01-14T20:22:00
E005611,C000286,P00114,view,2024-01-14T20:35:00
E005865,C000485,P00062,view,2024-01-14T20:47:00
E001453,C000798,P00167,view,2024-01-14T21:05:00
E005645,C000368,P00193,view,2024-01-14T21:32:00
E001408,C000705,P00111,view,2024-01-14T22:35:00
E000817,C000537,P00483,view,2024-01-14T22:48:00
E000362,C000555,P00139,view,2024-01-14T22:53:00
E004150,C000511,P00454,view,2024-01-14T22:53:00
E002405,C000715,P00089,view,2024-01-14T23:25:00
E004502,C000276,P00279,purchase,2024-01-14T23:28:00
E005738,C000407,P00322,view,2024-01-15T00:14:00
E004591,C000708,P00163,view,2024-01-15T00:48:00
E002551,C000788,P00267,view,2024-01-15T00:55:00
E002801,C000207,P00264,view,2024-01-15T00:58:00
E004053,C000310,P00245,view,2024-01-15T01:14:00
E002576,C000786,P00079,view,2024-01-15T01:18:00
E004172,C000225,P00358,view,2024-01-15T01:23:00
E003070,C000691,P00352,purchase,2024-01-15T03:33:00
E001285,C000445,P00329,view,2024-01-15T04:04:00
E003535,C000045,P00023,view,2024-01-15T04:13:00
E003892,C000050,P00021,cart,2024-01-15T05:22:00
E004090,C000622,P00327,view,2024-01-15T05:23:00
E000949,C000426,P00244,view,2024-01-15T05:54:00
E005444,C000511,P00093,view,2024-01-15T07:18:00
E002815,C000786,P00183,cart,2024-01-15T07:34:00
E002869,C000708,P00232,view,2024-01-15T07:43:00
E001631,C000451,P00206,purchase,2024-01-15T08:11:00
E002570,C000028,P00323,cart,2024-01-15T08:14:00
E004156,C000428,P00297,view,2024-01-15T09:15:00
E004814,C000682,P00473,view,2024-01-15T09:48:00
E004907,C000312,P00429,view,2024-01-15T09:58:00
E002735,C000228,P00148,view,2024-01-15T10:01:00
E005202,C000282,P00142,cart,2024-01-15T10:05:00
E004112,C000211,P00111,purchase,2024-01-15T10:24:00
E004035,C000177,P00089,purchase,2024-01-15T11:07:00
E004474,C000559,P00144,view,2024-01-15T12:01:00
E000192,C000775,P00128,view,2024-01-15T12:38:00
E004003,C000795,P00235,view,2024-01-15T13:15:00
E001105,C000588,P00104,view,2024-01-15T14:31:00
E004268,C000256,P00446,view,2024-01-15T15:19:00
E000430,C000364,P00035,view,2024-01-15T16:56:00
E004275,C000767,P00384,view,2024-01-15T17:26:00
E004927,C000496,P00156,view,2024-01-15T18:13:00
E002614,C000200,P00143,view,2024-01-15T18:18:00
E000774,C000430,P00008,purchase,2024-01-15T18:24:00
E005855,C000755,P00467,cart,2024-01-15T18:46:00
E003233,C000142,P00453,view,2024-01-15T19:54:00
E001387,C000406,P00378,view,2024-01-15T19:56:00
E002546,C000728,P00260,view,2024-01-15T22:10:00
E003667,C000236,P00309,view,2024-01-15T22:34:00
E001314,C000069,P00053,purchase,2024-01-15T22:39:00
E002907,C000298,P00195,purchase,2024-01-15T22:51:00
E005725,C000740,P00287,view,2024-01-15T22:57:00
E001815,C000697,P00087,view,2024-01-15T23:14:00
E001793,C000212,P00261,view,2024-01-15T23:36:00
E004058,C000087,P00283,cart,2024-01-16T00:04:00
E001447,C000546,P00044,purchase,2024-01-16T02:38:00
E003640,C000386,P00403,view,2024-01-16T02:43:00
E005706,C000129,P00324,view,2024-01-16T02:49:00
E002684,C000145,P00217,view,2024-01-16T02:56:00
E000094,C000784,P00189,view,2024-01-16T03:09:00
E001282,C000354,P00355,view,2024-01-16T03:29:00
E004230,C000793,P00340,view,2024-01-16T03:36:00
E005847,C000713,P00111,purchase,2024-01-16T03:57:00
E002277,C000446,P00486,view,2024-01-16T05:36:00
E005608,C000654,P00444,view,2024-01-16T06:07:00
E003697,C000722,P00280,cart,2024-01-16T06:10:00
E001284,C000564,P00426,cart,2024-01-16T06:49:00
E005369,C000516,P00378,view,2024-01-16T06:51:00
E004055,C000454,P00063,purchase,2024-01-16T07:37:00
E005074,C000084,P00254,purchase,2024-01-16T08:32:00
E003795,C000458,P00262,view,2024-01-16T08:32:00
E000754,C000686,P00058,cart,2024-01-16T08:51:00
E004917,C000350,P00253,view,2024-01-16T09:43:00
E001256,C000063,P00454,purchase,2024-01-16T09:56:00
E004248,C000179,P00282,view,2024-01-16T10:00:00
E000232,C000769,P00295,view,2024-01-16T10:44:00
E001525,C000679,P00286,view,2024-01-16T11:50:00
E004298,C000735,P00243,view,2024-01-16T12:57:00
E003208,C000795,P00460,purchase,2024-01-16T13:12:00
E003136,C000498,P00294,view,2024-01-16T13:32:00
E002447,C000177,P00392,purchase,2024-01-16T13:35:00
E002139,C000706,P00221,view,2024-01-16T13:44:00
E002388,C000611,P00481,view,2024-01-16T13:59:00
E001969,C000048,P00344,purchase,2024-01-16T15:48:00
E000182,C000426,P00088,view,2024-01-16T17:12:00
E005992,C000062,P00479,cart,2024-01-16T18:07:00
E004097,C000333,P00034,purchase,2024-01-16T18:11:00
E001341,C000047,P00111,view,2024-01-16T18:42:00
E005981,C000769,P00200,view,2024-01-16T19:46:00
E003890,C000348,P00484,view,2024-01-16T20:06:00
E004783,C000742,P00398,view,2024-01-16T20:49:00
E005218,C000375,P00249,purchase,2024-01-16T20:49:00
E004977,C000256,P00049,cart,2024-01-16T20:49:00
E002465,C000602,P00029,view,2024-01-16T20:57:00
E004041,C000784,P00499,view,2024-01-16T21:38:00
E002654,C000263,P00060,purchase,2024-01-16T22:20:00
E002808,C000376,P00409,view,2024-01-16T22:46:00
E004128,C000780,P00193,view,2024-01-16T23:12:00
E003503,C000159,P00218,view,2024-01-16T23:28:00
E001068,C000379,P00310,view,2024-01-16T23:54:00
E000291,C000241,P00351,view,2024-01-17T00:01:00
E003594,C000172,P00472,purchase,2024-01-17T00:11:00
E000479,C000672,P00409,view,2024-01-17T00:20:00
E000931,C000188,P00002,cart,2024-01-17T00:35:00
E004113,C000556,P00326,cart,2024-01-17T02:16:00
E002230,C000134,P00336,view,2024-01-17T02:19:00
E004319,C000072,P00197,cart,2024-01-17T03:22:00
E002481,C000536,P00050,view,2024-01-17T03:36:00
E000805,C000433,P00459,view,2024-01-17T03:49:00
E002131,C000600,P00423,view,2024-01-17T03:58:00
E004157,C000540,P00193,view,2024-01-17T03:59:00
E000490,C000592,P00289,view,2024-01-17T04:03:00
E003510,C000777,P00215,purchase,2024-01-17T04:11:00
E005037,C000481,P00292,view,2024-01-17T04:23:00
E000904,C000561,P00237,view,2024-01-17T04:47:00
E001803,C000626,P00385,view,2024-01-17T06:40:00
E003395,C000287,P00042,view,2024-01-17T07:22:00
E001504,C000278,P00414,cart,2024-01-17T07:40:00
E005323,C000782,P00156,view,2024-01-17T08:05:00
E002507,C000395,P00457,view,2024-01-17T08:22:00
E001599,C000639,P00319,view,2024-01-17T09:11:00
E000712,C000113,P00462,view,2024-01-17T09:22:00
E002951,C000465,P00206,view,2024-01-17T09:36:00
E003239,C000608,P00248,purchase,2024-01-17T09:50:00
E002398,C000058,P00335,view,2024-01-17T10:03:00
E001799,C000548,P00067,view,2024-01-17T10:05:00
E005291,C000437,P00432,view,2024-01-17T10:21:00
E001970,C000251,P00235,view,2024-01-17T10:32:00
E003250,C000702,P00038,cart,2024-01-17T11:01:00
E001090,C000612,P00076,cart,2024-01-17T13:01:00
E003366,C000341,P00222,view,2024-01-17T13:22:00
E000618,C000452,P00378,view,2024-01-17T14:22:00
E001165,C000231,P00424,view,2024-01-17T14:26:00
E001300,C000261,P00042,cart,2024-01-17T14:28:00
E003422,C000545,P00201,cart,2024-01-17T15:34:00
E001757,C000340,P00332,view,2024-01-17T15:46:00
E002478,C000234,P00052,cart,2024-01-17T15:49:00
E002128,C000458,P00412,cart,2024-01-17T16:06:00
E005986,C000508,P00280,view,2024-01-17T16:21:00
E004115,C000343,P00088,view,2024-01-17T16:25:00
E001959,C000334,P00460,purchase,2024-01-17T16:39:00
E000193,C000794,P00161,view,2024-01-17T16:43:00
E001850,C000259,P00235,purchase,2024-01-17T16:50:00
E001195,C000180,P00278,view,2024-01-17T16:51:00
E000801,C000234,P00317,cart,2024-01-17T16:59:00
E005387,C000658,P00316,view,2024-01-17T17:35:00
E001535,C000119,P00428,view,2024-01-17T18:01:00
E002482,C000012,P00149,view,2024-01-17T18:10:00
E004644,C000319,P00304,view,2024-01-17T18:38:00
E002165,C000177,P00406,view,2024-01-17T18:46:00
E005348,C000726,P00188,view,2024-01-17T19:04:00
E003304,C000232,P00387,view,2024-01-17T19:09:00
E000274,C000125,P00428,view,2024-01-17T19:17:00
E000518,C000651,P00485,cart,2024-01-17T19:32:00
E000921,C000719,P00233,cart,2024-01-17T20:05:00
E004868,C000266,P00474,view,2024-01-17T21:28:00
E003870,C000339,P00129,view,2024-01-17T21:30:00
E003644,C000707,P00204,view,2024-01-17T21:57:00
E000018,C000140,P00262,cart,2024-01-17T22:12:00
E005056,C000581,P00473,cart,2024-01-17T23:49:00
E005079,C000046,P00279,view,2024-01-17T23:54:00
E004531,C000776,P00397,view,2024-01-18T00:22:00
E004344,C000165,P00465,view,2024-01-18T00:47:00
E001891,C000587,P00245,view,2024-01-18T01:47:00
E003456,C000445,P00104,view,2024-01-18T02:40:00
E004809,C000217,P00324,purchase,2024-01-18T02:59:00
E005817,C000414,P00137,view,2024-01-18T03:03:00
E001558,C000353,P00061,view,2024-01-18T04:12:00
E005199,C000386,P00181,cart,2024-01-18T04:30:00
E000272,C000446,P00372,view,2024-01-18T05:02:00
E003589,C000095,P00073,view,2024-01-18T05:11:00
E001594,C000755,P00006,view,2024-01-18T05:32:00
E005934,C000265,P00134,view,2024-01-18T06:48:00
E005887,C000787,P00165,cart,2024-01-18T06:51:00
E001802,C000486,P00048,view,2024-01-18T07:45:00
E005566,C000342,P00079,cart,2024-01-18T08:16:00
E003651,C000193,P00139,view,2024-01-18T08:22:00
E001670,C000421,P00025,view,2024-01-18T08:55:00
E000696,C000134,P00125,cart,2024-01-18T09:41:00
E002451,C000727,P00105,view,2024-01-18T09:58:00
E000942,C000289,P00157,purchase,2024-01-18T11:34:00
E003280,C000660,P00328,view,2024-01-18T11:58:00
E004755,C000508,P00299,view,2024-01-18T12:43:00
E001017,C000051,P00270,view,2024-01-18T12:50:00
E001797,C000676,P00195,cart,2024-01-18T13:39:00
E001616,C000350,P00160,cart,2024-01-18T14:41:00
E004969,C000250,P00154,view,2024-01-18T15:21:00
E005058,C000549,P00406,cart,2024-01-18T15:23:00
E001294,C000488,P00435,cart,2024-01-18T15:39:00
E000448,C000410,P00420,view,2024-01-18T15:46:00
E000558,C000445,P00182,view,2024-01-18T16:25:00
E002550,C000445,P00053,cart,2024-01-18T16:37:00
E002053,C000637,P00045,view,2024-01-18T17:28:00
E000225,C000010,P00075,view,2024-01-18T17:33:00
E001865,C000178,P00003,purchase,2024-01-18T17:35:00
E003145,C000092,P00155,view,2024-01-18T17:36:00
E002593,C000174,P00408,purchase,2024-01-18T17:59:00
E000051,C000254,P00061,view,2024-01-18T18:01:00
E002523,C000315,P00483,view,2024-01-18T18:58:00
E000823,C000121,P00081,view,2024-01-18T19:29:00
E004738,C000048,P00491,cart,2024-01-18T19:50:00
E001072,C000419,P00296,purchase,2024-01-18T20:02:00
E004182,C000775,P00208,view,2024-01-18T20:22:00
E003720,C000415,P00172,view,2024-01-18T20:36:00
E003121,C000086,P00484,view,2024-01-18T20:59:00
E000846,C000783,P00143,cart,2024-01-18T21:24:00
E004752,C000019,P00353,purchase,2024-01-18T21:28:00
E001152,C000682,P00117,view,2024-01-18T21:42:00
E002382,C000652,P00204,cart,2024-01-18T21:44:00
E001433,C000696,P00469,view,2024-01-18T21:46:00
E004025,C000702,P00455,cart,2024-01-18T21:59:00
E005978,C000298,P00298,purchase,2024-01-18T22:19:00
E005602,C000344,P00292,view,2024-01-18T22:38:00
E001894,C000371,P00255,view,2024-01-18T22:50:00
E002855,C000767,P00307,view,2024-01-19T00:01:00
E003591,C000003,P00000,view,2024-01-19T00:08:00
E002260,C000350,P00136,view,2024-01-19T00:15:00
E004701,C000601,P00381,cart,2024-01-19T01:02:00
E004202,C000489,P00359,view,2024-01-19T01:32:00
E002498,C000289,P00492,view,2024-01-19T01:49:00
E000853,C000709,P00442,view,2024-01-19T02:02:00
E005525,C000009,P00287,view,2024-01-19T02:51:00
E003801,C000702,P00226,purchase,2024-01-19T03:07:00
E003483,C000484,P00165,view,2024-01-19T03:13:00
E002081,C000703,P00314,view,2024-01-19T03:26:00
E004049,C000741,P00421,view,2024-01-19T03:57:00
E002328,C000479,P00137,view,2024-01-19T03:57:00
E004781,C000564,P00493,cart,2024-01-19T05:25:00
E003789,C000229,P00174,view,2024-01-19T06:37:00
E004434,C000142,P00224,view,2024-01-19T06:48:00
E000021,C000121,P00372,view,2024-01-19T07:51:00
E004095,C000108,P00473,cart,2024-01-19T09:00:00
E003546,C000606,P00352,view,2024-01-19T10:00:00
E001831,C000167,P00140,view,2024-01-19T10:31:00
E005347,C000125,P00260,view,2024-01-19T11:04:00
E004913,C000373,P00495,view,2024-01-19T11:06:00
E001648,C000328,P00136,purchase,2024-01-19T11:23:00
E002891,C000339,P00432,view,2024-01-19T12:20:00
E003980,C000411,P00441,view,2024-01-19T12:22:00
E000361,C000024,P00074,view,2024-01-19T12:54:00
E000323,C000666,P00059,view,2024-01-19T13:33:00
E004846,C000700,P00456,view,2024-01-19T13:50:00
E003905,C000167,P00158,cart,2024-01-19T14:01:00
E001942,C000628,P00084,view,2024-01-19T14:44:00
E003763,C000602,P00433,cart,2024-01-19T15:20:00
E004119,C000190,P00145,view,2024-01-19T15:38:00
E004827,C000559,P00273,view,2024-01-19T17:02:00
E000320,C000315,P00304,cart,2024-01-19T17:21:00
E000678,C000021,P00073,view,2024-01-19T17:44:00
E003122,C000374,P00407,cart,2024-01-19T18:36:00
E000674,C000422,P00148,view,2024-01-19T18:54:00
E005184,C000239,P00416,view,2024-01-19T20:30:00
E001555,C000048,P00394,view,2024-01-19T21:04:00
E004518,C000070,P00313,view,2024-01-19T21:17:00
E004392,C000588,P00028,view,2024-01-19T22:03:00
E003971,C000143,P00390,view,2024-01-19T22:26:00
E005880,C000013,P00095,view,2024-01-19T22:40:00
E004373,C000752,P00409,view,2024-01-20T00:15:00
E002709,C000738,P00484,view,2024-01-20T00:32:00
E005806,C000745,P00182,view,2024-01-20T01:49:00
E003174,C000668,P00264,cart,2024-01-20T02:03:00
E000744,C000782,P00406,view,2024-01-20T02:30:00
E000567,C000490,P00386,view,2024-01-20T02:32:00
E002850,C000471,P00340,view,2024-01-20T03:30:00
E001432,C000385,P00382,purchase,2024-01-20T03:50:00
E002074,C000315,P00299,view,2024-01-20T04:16:00
E000686,C000041,P00071,cart,2024-01-20T04:41:00
E002962,C000182,P00218,cart,2024-01-20T05:20:00
E005752,C000286,P00324,cart,2024-01-20T05:34:00
E004931,C000412,P00008,view,2024-01-20T06:08:00
E002992,C000735,P00469,view,2024-01-20T06:18:00
E004431,C000139,P00049,view,2024-01-20T06:47:00
E000514,C000573,P00398,view,2024-01-20T06:49:00
E000810,C000007,P00362,view,2024-01-20T07:24:00
E004355,C000220,P00008,view,2024-01-20T07:38:00
E000782,C000449,P00164,view,2024-01-20T08:05:00
E000090,C000621,P00284,cart,2024-01-20T08:40:00
E002436,C000042,P00295,purchase,2024-01-20T09:18:00
E004048,C000636,P00311,purchase,2024-01-20T09:29:00
E003027,C000037,P00495,purchase,2024-01-20T09:35:00
E004563,C000663,P00021,view,2024-01-20T09:56:00
E004684,C000558,P00338,view,2024-01-20T10:09:00
E000473,C000752,P00126,view,2024-01-20T11:09:00
E005514,C000745,P00267,purchase,2024-01-20T11:55:00
E002210,C000592,P00257,view,2024-01-20T11:57:00
E002548,C000635,P00297,cart,2024-01-20T12:27:00
E004671,C000624,P00227,view,2024-01-20T13:13:00
E003100,C000101,P00037,view,2024-01-20T14:46:00
E004166,C000092,P00047,cart,2024-01-20T14:57:00
E002858,C000312,P00074,view,2024-01-20T15:02:00
E005638,C000253,P00098,view,2024-01-20T15:28:00
E005389,C000268,P00378,view,2024-01-20T15:31:00
E000317,C000001,P00454,view,2024-01-20T15:32:00
E003137,C000473,P00344,view,2024-01-20T15:49:00
E000932,C000546,P00332,purchase,2024-01-20T17:05:00
E003329,C000502,P00304,cart,2024-01-20T17:18:00
E001715,C000303,P00043,view,2024-01-20T17:27:00
E004570,C000005,P00028,view,2024-01-20T18:04:00
E001856,C000597,P00257,cart,2024-01-20T19:30:00
E003595,C000405,P00301,view,2024-01-20T19:59:00
E003377,C000324,P00278,view,2024-01-20T20:16:00
E002623,C000650,P00253,view,2024-01-20T20:40:00
E000677,C000233,P00089,cart,2024-01-20T20:59:00
E003925,C000725,P00197,view,2024-01-20T21:21:00
E002396,C000525,P00107,view,2024-01-20T21:23:00
E003912,C000513,P00287,view,2024-01-20T21:49:00
E005982,C000186,P00302,view,2024-01-20T23:24:00
E005788,C000527,P00279,cart,2024-01-20T23:56:00
E002387,C000571,P00395,view,2024-01-20T23:58:00
E000105,C000441,P00108,cart,2024-01-21T01:42:00
E002216,C000535,P00137,view,2024-01-21T01:46:00
E002341,C000771,P00212,purchase,2024-01-21T03:34:00
E000935,C000080,P00134,view,2024-01-21T04:00:00
E002582,C000294,P00432,view,2024-01-21T04:22:00
E001002,C000298,P00369,view,2024-01-21T04:51:00
E004696,C000686,P00247,purchase,2024-01-21T05:50:00
E001741,C000109,P00043,view,2024-01-21T06:36:00
E002176,C000356,P00132,cart,2024-01-21T07:34:00
E001239,C000411,P00456,cart,2024-01-21T08:17:00
E003168,C000379,P00354,view,2024-01-21T08:41:00
E004604,C000354,P00342,cart,2024-01-21T08:49:00
E002099,C000015,P00437,purchase,2024-01-21T09:56:00
E000246,C000790,P00028,view,2024-01-21T10:24:00
E003371,C000373,P00247,view,2024-01-21T11:25:00
E005236,C000095,P00037,view,2024-01-21T11:41:00
E005860,C000075,P00116,view,2024-01-21T14:04:00
E002811,C000771,P00469,view,2024-01-21T14:13:00
E004890,C000045,P00399,cart,2024-01-21T14:16:00
E001968,C000318,P00046,view,2024-01-21T15:45:00
E000347,C000726,P00152,purchase,2024-01-21T15:51:00
E000063,C000733,P00055,view,2024-01-21T18:14:00
E004616,C000155,P00322,view,2024-01-21T18:25:00
E002320,C000009,P00341,cart,2024-01-21T18:48:00
E003979,C000629,P00140,cart,2024-01-21T18:54:00
E002453,C000647,P00470,purchase,2024-01-21T19:56:00
E005691,C000769,P00490,cart,2024-01-21T20:56:00
E005461,C000576,P00015,view,2024-01-21T23:36:00
E003484,C000774,P00108,cart,2024-01-22T00:32:00
E003998,C000445,P00317,view,2024-01-22T01:44:00
E000663,C000791,P00036,view,2024-01-22T02:09:00
E004883,C000301,P00167,view,2024-01-22T02:24:00
E004318,C000053,P00343,view,2024-01-22T02:25:00
E002525,C000574,P00091,purchase,2024-01-22T03:20:00
E003526,C000143,P00032,view,2024-01-22T04:08:00
E005591,C000487,P00171,view,2024-01-22T04:28:00
E001111,C000091,P00309,view,2024-01-22T04:53:00
E003231,C000025,P00411,view,2024-01-22T05:13:00
E005682,C000011,P00070,view,2024-01-22T05:36:00
E005866,C000638,P00349,cart,2024-01-22T05:44:00
E005063,C000043,P00120,view,2024-01-22T06:37:00
E004637,C000764,P00215,view,2024-01-22T07:09:00
E002861,C000433,P00285,purchase,2024-01-22T07:41:00
E005984,C000047,P00376,view,2024-01-22T09:04:00
E001054,C000146,P00465,purchase,2024-01-22T09:05:00
E004326,C000762,P00318,view,2024-01-22T09:56:00
E004536,C000225,P00069,cart,2024-01-22T10:01:00
E005036,C000752,P00051,purchase,2024-01-22T10:15:00
E000237,C000531,P00448,purchase,2024-01-22T11:00:00
E002686,C000541,P00451,cart,2024-01-22T11:18:00
E002534,C000264,P00378,view,2024-01-22T11:22:00
E005439,C000106,P00441,view,2024-01-22T11:36:00
E004454,C000325,P00151,view,2024-01-22T11:49:00
E003091,C000357,P00009,cart,2024-01-22T13:05:00
E002272,C000392,P00165,view,2024-01-22T13:54:00
E002375,C000390,P00081,view,2024-01-22T14:00:00
E003175,C000032,P00441,cart,2024-01-22T14:15:00
E003680,C000006,P00040,view,2024-01-22T14:15:00
E001498,C000682,P00290,cart,2024-01-22T14:46:00
E001244,C000568,P00147,view,2024-01-22T15:10:00
E004420,C000451,P00294,view,2024-01-22T15:11:00
E004945,C000122,P00025,view,2024-01-22T15:17:00
E000341,C000524,P00314,purchase,2024-01-22T15:47:00
E005518,C000150,P00239,view,2024-01-22T16:17:00
E003767,C000492,P00183,view,2024-01-22T16:35:00
E000069,C000603,P00139,purchase,2024-01-22T16:53:00
E001974,C000232,P00120,cart,2024-01-22T17:00:00
E000455,C000319,P00065,cart,2024-01-22T17:52:00
E001073,C000457,P00028,purchase,2024-01-22T18:41:00
E002137,C000379,P00218,cart,2024-01-22T19:01:00
E005059,C000567,P00331,purchase,2024-01-22T20:10:00
E000693,C000019,P00043,view,2024-01-22T20:31:00
E005359,C000315,P00446,purchase,2024-01-22T21:56:00
E000316,C000763,P00432,view,2024-01-22T22:05:00
E004665,C000500,P00263,view,2024-01-22T22:41:00
E005275,C000026,P00162,view,2024-01-22T23:03:00
E000727,C000145,P00185,cart,2024-01-22T23:04:00
E003363,C000753,P00091,cart,2024-01-22T23:29:00
E002670,C000721,P00259,view,2024-01-22T23:50:00
E005920,C000621,P00297,purchase,2024-01-23T00:23:00
E000459,C000323,P00252,view,2024-01-23T00:50:00
E004140,C000175,P00227,purchase,2024-01-23T01:05:00
E002538,C000667,P00093,view,2024-01-23T01:05:00
E001991,C000438,P00018,purchase,2024-01-23T01:10:00
E004391,C000660,P00301,view,2024-01-23T01:36:00
E003917,C000035,P00435,view,2024-01-23T01:45:00
E000324,C000624,P00116,view,2024-01-23T01:50:00
E002957,C000752,P00325,view,2024-01-23T01:58:00
E004509,C000211,P00109,cart,2024-01-23T02:08:00
E002764,C000778,P00222,view,2024-01-23T03:02:00
E004083,C000781,P00129,cart,2024-01-23T03:42:00
E005723,C000083,P00370,view,2024-01-23T04:08:00
E002407,C000344,P00210,purchase,2024-01-23T04:09:00
E001615,C000229,P00269,view,2024-01-23T04:33:00
E002473,C000439,P00299,cart,2024-01-23T05:10:00
E004903,C000635,P00126,view,2024-01-23T05:11:00
E002108,C000609,P00048,view,2024-01-23T07:21:00
E002556,C000653,P00043,view,2024-01-23T07:23:00
E003405,C000153,P00326,view,2024-01-23T07:37:00
E004229,C000536,P00109,purchase,2024-01-23T07:38:00
E001519,C000799,P00292,view,2024-01-23T07:45:00
E003261,C000222,P00114,view,2024-01-23T08:23:00
E004039,C000559,P00021,view,2024-01-23T09:31:00
E003663,C000166,P00194,view,2024-01-23T09:48:00
E002332,C000150,P00374,cart,2024-01-23T09:54:00
E004145,C000736,P00210,view,2024-01-23T10:03:00
E004768,C000627,P00137,purchase,2024-01-23T10:51:00
E004345,C000259,P00101,view,2024-01-23T11:01:00
E000675,C000272,P00003,view,2024-01-23T11:13:00
E004996,C000620,P00130,view,2024-01-23T11:18:00
E000757,C000222,P00482,purchase,2024-01-23T11:53:00
E005600,C000616,P00351,purchase,2024-01-23T12:03:00
E003464,C000361,P00173,view,2024-01-23T12:13:00
E002045,C000401,P00399,view,2024-01-23T12:24:00
E004235,C000480,P00322,view,2024-01-23T12:26:00
E002644,C000434,P00112,view,2024-01-23T12:30:00
E001633,C000573,P00090,view,2024-01-23T12:32:00
E005149,C000513,P00135,cart,2024-01-23T12:38:00
E004052,C000368,P00252,view,2024-01-23T13:00:00
E002102,C000401,P00184,view,2024-01-23T13:29:00
E003098,C000243,P00035,cart,2024-01-23T15:57:00
E005224,C000020,P00176,view,2024-01-23T16:31:00
E005735,C000266,P00088,view,2024-01-23T16:46:00
E001373,C000740,P00110,view,2024-01-23T17:22:00
E005710,C000073,P00075,view,2024-01-23T17:48:00
E001034,C000595,P00085,cart,2024-01-23T18:07:00
E001312,C000793,P00271,view,2024-01-23T18:42:00
E002107,C000017,P00003,view,2024-01-23T19:06:00
E005327,C000105,P00104,purchase,2024-01-23T19:31:00
E004547,C000483,P00386,cart,2024-01-23T19:56:00
E005900,C000609,P00285,purchase,2024-01-23T20:46:00
E003583,C000602,P00335,view,2024-01-23T21:45:00
E003094,C000308,P00254,view,2024-01-23T22:12:00
E001120,C000259,P00268,view,2024-01-23T23:04:00
E003181,C000541,P00388,view,2024-01-23T23:36:00
E004077,C000497,P00219,view,2024-01-23T23:45:00
E001495,C000271,P00367,cart,2024-01-24T00:00:00
E004133,C000538,P00435,view,2024-01-24T00:10:00
E001062,C000442,P00494,view,2024-01-24T00:46:00
E003904,C000308,P00330,view,2024-01-24T01:14:00
E001336,C000030,P00098,view,2024-01-24T01:32:00
E000738,C000037,P00086,purchase,2024-01-24T01:33:00
E002149,C000537,P00473,purchase,2024-01-24T02:06:00
E005891,C000461,P00152,view,2024-01-24T02:28:00
E000414,C000559,P00076,view,2024-01-24T03:25:00
E005577,C000516,P00003,cart,2024-01-24T04:19:00
E001401,C000591,P00176,view,2024-01-24T05:37:00
E001830,C000650,P00054,purchase,2024-01-24T07:35:00
E003031,C000703,P00106,view,2024-01-24T07:57:00
E005309,C000575,P00339,purchase,2024-01-24T08:22:00
E005926,C000785,P00471,view,2024-01-24T08:22:00
E004439,C000072,P00351,cart,2024-01-24T08:55:00
E003895,C000568,P00251,view,2024-01-24T09:35:00
E003401,C000296,P00020,view,2024-01-24T09:51:00
E004553,C000025,P00133,view,2024-01-24T10:08:00
E001602,C000274,P00118,view,2024-01-24T10:09:00
E002009,C000249,P00290,view,2024-01-24T10:42:00
E001680,C000686,P00054,view,2024-01-24T11:22:00
E002845,C000383,P00490,view,2024-01-24T12:02:00
E001779,C000691,P00100,view,2024-01-24T12:24:00
E003459,C000230,P00074,view,2024-01-24T12:48:00
E002364,C000760,P00334,view,2024-01-24T12:51:00
E004663,C000702,P00087,view,2024-01-24T13:06:00
E005290,C000287,P00176,view,2024-01-24T13:23:00
E000706,C000768,P00171,cart,2024-01-24T13:25:00
E000118,C000287,P00467,view,2024-01-24T14:29:00
E000412,C000417,P00475,cart,2024-01-24T15:00:00
E004510,C000511,P00293,view,2024-01-24T15:26:00
E005253,C000400,P00388,view,2024-01-24T15:31:00
E002037,C000392,P00316,view,2024-01-24T16:13:00
E001366,C000492,P00138,view,2024-01-24T16:27:00
E002529,C000757,P00132,cart,2024-01-24T18:20:00
E003809,C000157,P00112,cart,2024-01-24T18:22:00
E003701,C000342,P00168,cart,2024-01-24T19:02:00
E004867,C000051,P00284,cart,2024-01-24T20:34:00
E005800,C000281,P00404,view,2024-01-24T20:50:00
E001431,C000433,P00377,cart,2024-01-24T22:34:00
E002046,C000557,P00083,view,2024-01-24T23:09:00
E000185,C000084,P00066,cart,2024-01-25T00:08:00
E004389,C000688,P00322,view,2024-01-25T00:19:00
E002434,C000656,P00327,view,2024-01-25T01:05:00
E004139,C000763,P00480,view,2024-01-25T01:06:00
E003781,C000224,P00357,view,2024-01-25T01:24:00
E005661,C000391,P00057,view,2024-01-25T01:30:00
E003734,C000178,P00216,purchase,2024-01-25T01:34:00
E000676,C000631,P00081,view,2024-01-25T01:46:00
E000289,C000723,P00428,view,2024-01-25T01:52:00
E004459,C000499,P00025,view,2024-01-25T02:03:00
E002997,C000042,P00318,view,2024-01-25T02:19:00
E005370,C000428,P00187,view,2024-01-25T03:28:00
E003198,C000127,P00064,view,2024-01-25T04:31:00
E001168,C000365,P00269,cart,2024-01-25T05:12:00
E004246,C000265,P00399,cart,2024-01-25T05:13:00
E005408,C000650,P00282,cart,2024-01-25T05:13:00
E003648,C000227,P00014,cart,2024-01-25T05:49:00
E002720,C000015,P00412,view,2024-01-25T07:14:00
E000258,C000068,P00354,view,2024-01-25T08:53:00
E001083,C000577,P00473,purchase,2024-01-25T09:09:00
E004888,C000086,P00113,purchase,2024-01-25T09:22:00
E002282,C000040,P00433,purchase,2024-01-25T10:18:00
E000598,C000630,P00343,cart,2024-01-25T10:56:00
E001722,C000114,P00394,view,2024-01-25T11:40:00
E000351,C000181,P00456,view,2024-01-25T11:40:00
E004124,C000117,P00101,cart,2024-01-25T12:36:00
E001601,C000329,P00287,cart,2024-01-25T12:56:00
E003508,C000078,P00040,view,2024-01-25T12:58:00
E002000,C000632,P00057,view,2024-01-25T13:00:00
E003200,C000708,P00165,purchase,2024-01-25T13:47:00
E003451,C000607,P00059,view,2024-01-25T15:12:00
E004123,C000769,P00218,purchase,2024-01-25T15:55:00
E001205,C000008,P00272,view,2024-01-25T16:58:00
E000682,C000030,P00406,cart,2024-01-25T17:16:00
E002418,C000377,P00374,view,2024-01-25T17:36:00
E001039,C000235,P00479,cart,2024-01-25T18:04:00
E002118,C000350,P00363,purchase,2024-01-25T20:28:00
E002753,C000138,P00432,cart,2024-01-25T21:30:00
E003796,C000100,P00382,purchase,2024-01-25T21:39:00
E005223,C000131,P00328,view,2024-01-25T22:17:00
E005936,C000633,P00053,view,2024-01-26T00:23:00
E004271,C000574,P00450,purchase,2024-01-26T00:45:00
E005143,C000747,P00171,view,2024-01-26T01:08:00
E003006,C000568,P00196,view,2024-01-26T01:31:00
E000888,C000285,P00169,view,2024-01-26T01:32:00
E003984,C000210,P00201,purchase,2024-01-26T01:59:00
E001507,C000042,P00423,view,2024-01-26T02:04:00
E005114,C000729,P00323,view,2024-01-26T02:22:00
E004764,C000690,P00057,view,2024-01-26T03:34:00
E005491,C000265,P00059,purchase,2024-01-26T04:38:00
E004283,C000398,P00089,view,2024-01-26T04:39:00
E005378,C000589,P00276,cart,2024-01-26T05:42:00
E003649,C000066,P00481,view,2024-01-26T06:19:00
E002164,C000515,P00325,purchase,2024-01-26T06:21:00
E005999,C000702,P00359,view,2024-01-26T07:13:00
E002237,C000068,P00487,purchase,2024-01-26T07:40:00
E004457,C000218,P00017,view,2024-01-26T07:45:00
E005693,C000599,P00165,view,2024-01-26T08:43:00
E001886,C000661,P00449,view,2024-01-26T10:06:00
E005670,C000403,P00395,view,2024-01-26T10:25:00
E002995,C000001,P00372,purchase,2024-01-26T10:49:00
E003511,C000725,P00051,cart,2024-01-26T11:08:00
E002013,C000700,P00319,purchase,2024-01-26T11:13:00
E005334,C000033,P00201,view,2024-01-26T12:05:00
E002943,C000289,P00081,cart,2024-01-26T12:43:00
E001481,C000325,P00200,view,2024-01-26T14:09:00
E005503,C000760,P00052,purchase,2024-01-26T14:18:00
E003875,C000395,P00411,view,2024-01-26T14:23:00
E000743,C000557,P00144,view,2024-01-26T14:42:00
E004383,C000720,P00496,cart,2024-01-26T14:49:00
E005702,C000375,P00130,view,2024-01-26T14:55:00
E000287,C000683,P00471,view,2024-01-26T15:13:00
E001394,C000091,P00080,cart,2024-01-26T15:50:00
E002771,C000676,P00481,view,2024-01-26T16:10:00
E002630,C000498,P00487,purchase,2024-01-26T16:40:00
E000477,C000278,P00288,view,2024-01-26T16:50:00
E000124,C000169,P00088,view,2024-01-26T18:19:00
E003836,C000100,P00412,view,2024-01-26T19:07:00
E005012,C000615,P00151,view,2024-01-26T19:32:00
E001853,C000419,P00022,view,2024-01-26T19:37:00
E004833,C000224,P00036,view,2024-01-26T20:13:00
E002186,C000246,P00228,cart,2024-01-26T21:02:00
E004226,C000267,P00468,purchase,2024-01-26T21:08:00
E000995,C000656,P00308,view,2024-01-26T21:21:00
E003462,C000546,P00021,purchase,2024-01-26T22:05:00
E001819,C000782,P00091,view,2024-01-26T22:05:00
E002185,C000252,P00180,purchase,2024-01-26T22:41:00
E001156,C000561,P00126,view,2024-01-26T23:43:00
E000764,C000742,P00278,view,2024-01-26T23:51:00
E004645,C000449,P00261,purchase,2024-01-27T00:05:00
E000601,C000288,P00374,cart,2024-01-27T00:33:00
E004198,C000655,P00038,purchase,2024-01-27T00:34:00
E001545,C000695,P00079,view,2024-01-27T01:47:00
E000507,C000037,P00491,view,2024-01-27T01:55:00
E000546,C000785,P00258,cart,2024-01-27T02:11:00
E004703,C000096,P00105,view,2024-01-27T02:15:00
E001167,C000530,P00470,view,2024-01-27T02:16:00
E000526,C000232,P00014,cart,2024-01-27T02:26:00
E001000,C000456,P00124,cart,2024-01-27T03:41:00
E002642,C000508,P00141,cart,2024-01-27T04:10:00
E005282,C000438,P00246,view,2024-01-27T04:19:00
E000356,C000128,P00070,purchase,2024-01-27T06:32:00
E000585,C000434,P00469,view,2024-01-27T07:05:00
E002207,C000574,P00155,view,2024-01-27T07:28:00
E002628,C000444,P00124,cart,2024-01-27T07:33:00
E005246,C000296,P00328,view,2024-01-27T07:37:00
E004427,C000697,P00258,cart,2024-01-27T09:19:00
E001820,C000730,P00037,cart,2024-01-27T09:59:00
E000416,C000237,P00017,view,2024-01-27T10:25:00
E004541,C000181,P00252,view,2024-01-27T11:08:00
E005250,C000131,P00040,view,2024-01-27T11:50:00
E004994,C000664,P00252,purchase,2024-01-27T13:21:00
E003710,C000457,P00143,cart,2024-01-27T13:35:00
E001794,C000322,P00135,view,2024-01-27T13:47:00
E004152,C000187,P00262,view,2024-01-27T13:49:00
E002632,C000729,P00214,view,2024-01-27T14:07:00
E002689,C000267,P00351,view,2024-01-27T14:26:00
E003263,C000336,P00066,cart,2024-01-27T14:38:00
E004173,C000240,P00068,view,2024-01-27T15:00:00
E002723,C000202,P00012,view,2024-01-27T15:43:00
E005089,C000159,P00458,view,2024-01-27T15:53:00
E001227,C000484,P00392,view,2024-01-27T16:42:00
E002379,C000495,P00042,view,2024-01-27T16:55:00
E002125,C000706,P00211,view,2024-01-27T16:56:00
E004792,C000021,P00264,view,2024-01-27T17:02:00
E005024,C000093,P00146,view,2024-01-27T17:16:00
E003810,C000674,P00265,cart,2024-01-27T17:55:00
E005055,C000564,P00237,view,2024-01-27T18:02:00
E004497,C000120,P00432,view,2024-01-27T18:26:00
E003987,C000488,P00387,view,2024-01-27T18:26:00
E001933,C000371,P00455,view,2024-01-27T18:50:00
E000055,C000444,P00138,cart,2024-01-27T19:49:00
E002731,C000381,P00075,cart,2024-01-27T20:10:00
E003977,C000569,P00472,view,2024-01-27T20:40:00
E002035,C000686,P00066,view,2024-01-27T20:50:00
E000397,C000393,P00280,view,2024-01-27T21:02:00
E000869,C000774,P00412,view,2024-01-27T21:24:00
E000603,C000223,P00461,purchase,2024-01-27T21:32:00
E000786,C000542,P00098,cart,2024-01-27T22:09:00
E001118,C000119,P00226,purchase,2024-01-27T22:36:00
E001935,C000656,P00435,purchase,2024-01-28T00:51:00
E003782,C000517,P00204,view,2024-01-28T00:56:00
E005125,C000375,P00074,view,2024-01-28T01:36:00
E003245,C000409,P00019,view,2024-01-28T02:17:00
E005633,C000014,P00412,view,2024-01-28T02:45:00
E004404,C000610,P00245,cart,2024-01-28T02:52:00
E000476,C000115,P00171,view,2024-01-28T03:06:00
E005656,C000593,P00370,view,2024-01-28T03:12:00
E005188,C000382,P00288,view,2024-01-28T03:18:00
E002078,C000665,P00349,view,2024-01-28T04:35:00
E003337,C000417,P00152,view,2024-01-28T05:08:00
E005924,C000406,P00190,cart,2024-01-28T05:10:00
E002390,C000038,P00206,view,2024-01-28T05:59:00
E000770,C000139,P00401,view,2024-01-28T06:27:00
E004799,C000346,P00433,view,2024-01-28T07:00:00
E001047,C000239,P00256,view,2024-01-28T08:03:00
E004362,C000303,P00097,view,2024-01-28T08:19:00
E003343,C000737,P00341,view,2024-01-28T10:53:00
E005700,C000045,P00193,view,2024-01-28T11:22:00
E005391,C000066,P00305,view,2024-01-28T12:24:00
E005484,C000781,P00175,view,2024-01-28T12:44:00
E000918,C000065,P00254,view,2024-01-28T12:45:00
E000331,C000794,P00352,view,2024-01-28T13:30:00
E000554,C000069,P00139,purchase,2024-01-28T13:43:00
E001138,C000184,P00293,purchase,2024-01-28T14:20:00
E002879,C000651,P00318,view,2024-01-28T15:03:00
E004939,C000483,P00464,view,2024-01-28T15:03:00
E001281,C000555,P00011,view,2024-01-28T15:09:00
E001035,C000214,P00229,view,2024-01-28T16:16:00
E004943,C000770,P00212,cart,2024-01-28T16:20:00
E002463,C000341,P00472,purchase,2024-01-28T17:14:00
E002511,C000578,P00211,view,2024-01-28T17:35:00
E001295,C000582,P00365,cart,2024-01-28T17:41:00
E003465,C000233,P00228,purchase,2024-01-28T18:06:00
E000447,C000189,P00037,view,2024-01-28T18:13:00
E005805,C000758,P00037,view,2024-01-28T18:33:00
E000934,C000745,P00125,view,2024-01-28T20:11:00
E000224,C000431,P00167,view,2024-01-28T20:13:00
E003028,C000565,P00440,view,2024-01-28T20:44:00
E001302,C000147,P00370,view,2024-01-28T20:59:00
E001075,C000046,P00246,purchase,2024-01-28T21:10:00
E001390,C000662,P00311,view,2024-01-28T21:36:00
E001200,C000310,P00195,cart,2024-01-28T22:13:00
E001309,C000445,P00334,view,2024-01-28T22:35:00
E003099,C000371,P00025,cart,2024-01-28T22:57:00
E005854,C000457,P00336,view,2024-01-28T23:10:00
E002552,C000267,P00100,view,2024-01-28T23:44:00
E001240,C000381,P00007,view,2024-01-28T23:45:00
E003037,C000173,P00176,view,2024-01-28T23:55:00
E005216,C000782,P00172,view,2024-01-29T00:01:00
E002206,C000644,P00409,view,2024-01-29T00:38:00
E001226,C000376,P00449,view,2024-01-29T01:31:00
E002833,C000158,P00388,view,2024-01-29T02:25:00
E003284,C000419,P00337,view,2024-01-29T02:31:00
E002760,C000056,P00348,cart,2024-01-29T02:33:00
E001315,C000629,P00069,view,2024-01-29T04:17:00
E003614,C000507,P00186,view,2024-01-29T04:22:00
E002737,C000583,P00023,view,2024-01-29T04:52:00
E001263,C000644,P00152,view,2024-01-29T04:57:00
E000908,C000745,P00035,cart,2024-01-29T05:11:00
E001837,C000613,P00153,cart,2024-01-29T05:18:00
E003924,C000133,P00420,view,2024-01-29T05:24:00
E005781,C000293,P00117,view,2024-01-29T05:32:00
E001678,C000513,P00340,purchase,2024-01-29T05:45:00
E002678,C000529,P00155,purchase,2024-01-29T05:49:00
E001923,C000565,P00118,purchase,2024-01-29T06:07:00
E001059,C000595,P00466,view,2024-01-29T06:51:00
E004585,C000083,P00057,view,2024-01-29T07:06:00
E001126,C000187,P00343,view,2024-01-29T07:21:00
E001096,C000699,P00133,view,2024-01-29T07:41:00
E004618,C000418,P00167,view,2024-01-29T07:56:00
E005100,C000345,P00125,cart,2024-01-29T08:37:00
E003093,C000690,P00251,view,2024-01-29T10:16:00
E003878,C000157,P00023,purchase,2024-01-29T10:22:00
E002422,C000301,P00437,cart,2024-01-29T10:24:00
E003052,C000211,P00462,cart,2024-01-29T10:31:00
E003034,C000075,P00107,view,2024-01-29T10:35:00
E004432,C000037,P00331,view,2024-01-29T10:54:00
E001787,C000063,P00352,cart,2024-01-29T11:08:00
E000673,C000051,P00417,view,2024-01-29T11:15:00
E003400,C000595,P00133,cart,2024-01-29T11:47:00
E000533,C000336,P00131,view,2024-01-29T12:11:00
E005263,C000757,P00252,view,2024-01-29T12:16:00
E001463,C000781,P00183,cart,2024-01-29T12:25:00
E000957,C000083,P00483,purchase,2024-01-29T13:08:00
E001839,C000074,P00117,view,2024-01-29T13:11:00
E003197,C000027,P00217,purchase,2024-01-29T13:12:00
E002894,C000417,P00460,view,2024-01-29T13:58:00
E001500,C000756,P00091,purchase,2024-01-29T14:00:00
E000025,C000408,P00208,cart,2024-01-29T14:19:00
E004102,C000728,P00196,view,2024-01-29T14:20:00
E005113,C000589,P00108,view,2024-01-29T14:22:00
E004335,C000677,P00125,view,2024-01-29T14:43:00
E005185,C000182,P00177,view,2024-01-29T15:40:00
E005619,C000124,P00255,view,2024-01-29T16:16:00
E000364,C000616,P00324,cart,2024-01-29T16:25:00
E002692,C000306,P00123,cart,2024-01-29T17:24:00
E001441,C000042,P00435,view,2024-01-29T17:44:00
E001464,C000131,P00078,view,2024-01-29T17:46:00
E000843,C000092,P00365,view,2024-01-29T17:47:00
E001704,C000623,P00393,view,2024-01-29T17:58:00
E003812,C000242,P00411,view,2024-01-29T18:06:00
E005606,C000501,P00401,view,2024-01-29T18:33:00
E000643,C000730,P00177,cart,2024-01-29T18:41:00
E000136,C000689,P00368,view,2024-01-29T19:30:00
E001386,C000218,P00282,purchase,2024-01-29T19:53:00
E005556,C000337,P00192,view,2024-01-29T20:04:00
E003177,C000642,P00145,view,2024-01-29T20:06:00
E003445,C000627,P00496,view,2024-01-29T20:12:00
E001280,C000308,P00038,view,2024-01-29T20:56:00
E002872,C000629,P00422,view,2024-01-29T21:07:00
E002397,C000305,P00023,cart,2024-01-29T21:35:00
E000137,C000136,P00396,view,2024-01-29T21:36:00
E005225,C000221,P00289,cart,2024-01-29T22:30:00
E002374,C000615,P00149,view,2024-01-29T22:46:00
E003499,C000435,P00395,purchase,2024-01-29T23:01:00
E003751,C000106,P00310,view,2024-01-30T00:10:00
E003638,C000151,P00457,view,2024-01-30T00:20:00
E001254,C000399,P00089,purchase,2024-01-30T00:57:00
E000304,C000460,P00316,view,2024-01-30T02:33:00
E000617,C000771,P00220,purchase,2024-01-30T02:40:00
E003926,C000472,P00331,view,2024-01-30T03:18:00
E000391,C000649,P00049,cart,2024-01-30T04:34:00
E005016,C000592,P00068,cart,2024-01-30T04:36:00
E003515,C000556,P00351,view,2024-01-30T04:39:00
E003853,C000391,P00273,cart,2024-01-30T04:46:00
E004108,C000200,P00148,view,2024-01-30T05:22:00
E004953,C000085,P00374,cart,2024-01-30T05:30:00
E001876,C000568,P00224,view,2024-01-30T05:50:00
E005312,C000793,P00220,view,2024-01-30T06:05:00
E004905,C000449,P00181,purchase,2024-01-30T06:23:00
E002183,C000467,P00211,purchase,2024-01-30T06:46:00
E000994,C000656,P00161,view,2024-01-30T07:09:00
E004159,C000273,P00044,view,2024-01-30T07:23:00
E005864,C000269,P00270,view,2024-01-30T07:32:00
E001327,C000530,P00183,view,2024-01-30T09:33:00
E004419,C000632,P00405,cart,2024-01-30T09:42:00
E005766,C000306,P00215,view,2024-01-30T10:37:00
E001654,C000381,P00235,view,2024-01-30T11:20:00
E004401,C000444,P00204,purchase,2024-01-30T11:48:00
E005445,C000018,P00391,view,2024-01-30T12:16:00
E000808,C000530,P00263,view,2024-01-30T13:06:00
E000114,C000147,P00074,cart,2024-01-30T13:38:00
E001385,C000468,P00105,view,2024-01-30T14:00:00
E003785,C000248,P00326,view,2024-01-30T14:34:00
E003397,C000427,P00336,cart,2024-01-30T15:04:00
E000756,C000549,P00467,view,2024-01-30T15:44:00
E002852,C000284,P00273,purchase,2024-01-30T16:13:00
E002769,C000567,P00278,purchase,2024-01-30T16:25:00
E005473,C000052,P00009,view,2024-01-30T16:48:00
E004412,C000168,P00351,view,2024-01-30T16:51:00
E000544,C000149,P00082,view,2024-01-30T17:31:00
E003728,C000360,P00173,purchase,2024-01-30T18:04:00
E001620,C000566,P00005,cart,2024-01-30T18:59:00
E003854,C000522,P00463,purchase,2024-01-30T19:27:00
E002693,C000271,P00042,view,2024-01-30T19:56:00
E000625,C000643,P00161,purchase,2024-01-30T20:07:00
E000621,C000026,P00441,view,2024-01-30T20:13:00
E005937,C000259,P00075,view,2024-01-30T21:21:00
E002660,C000308,P00403,view,2024-01-30T22:10:00
E004891,C000186,P00352,view,2024-01-30T22:13:00
E001671,C000218,P00487,view,2024-01-30T22:38:00
E005933,C000283,P00017,purchase,2024-01-30T22:39:00
E000336,C000782,P00388,cart,2024-01-30T22:41:00
E000096,C000281,P00040,cart,2024-01-30T23:19:00
E004619,C000068,P00015,view,2024-01-31T01:38:00
E003062,C000245,P00352,view,2024-01-31T01:53:00
E004437,C000597,P00354,view,2024-01-31T02:15:00
E001293,C000362,P00225,view,2024-01-31T03:00:00
E000380,C000502,P00065,view,2024-01-31T03:11:00
E005287,C000150,P00326,purchase,2024-01-31T03:14:00
E001691,C000077,P00133,purchase,2024-01-31T03:23:00
E001838,C000735,P00435,purchase,2024-01-31T03:31:00
E002517,C000477,P00203,view,2024-01-31T03:52:00
E003624,C000394,P00456,view,2024-01-31T04:48:00
E003887,C000304,P00104,cart,2024-01-31T05:08:00
E000671,C000420,P00350,view,2024-01-31T05:25:00
E003859,C000157,P00081,view,2024-01-31T05:26:00
E001719,C000308,P00273,view,2024-01-31T05:50:00
E003298,C000070,P00060,cart,2024-01-31T06:07:00
E005504,C000339,P00144,cart,2024-01-31T06:11:00
E004154,C000504,P00007,cart,2024-01-31T06:26:00
E003568,C000209,P00243,cart,2024-01-31T07:06:00
E004983,C000573,P00207,view,2024-01-31T07:30:00
E002156,C000554,P00458,view,2024-01-31T07:51:00
E002370,C000172,P00174,view,2024-01-31T07:55:00
E002245,C000788,P00393,view,2024-01-31T08:37:00
E001289,C000459,P00135,view,2024-01-31T09:04:00
E001434,C000144,P00390,cart,2024-01-31T09:10:00
E002877,C000386,P00007,cart,2024-01-31T10:48:00
E004614,C000416,P00030,view,2024-01-31T11:03:00
E000963,C000370,P00343,view,2024-01-31T11:03:00
E004759,C000155,P00461,purchase,2024-01-31T11:10:00
E001557,C000354,P00417,view,2024-01-31T11:17:00
E004483,C000311,P00294,view,2024-01-31T11:45:00
E002300,C000705,P00445,view,2024-01-31T12:30:00
E003472,C000408,P00433,cart,2024-01-31T12:46:00
E003049,C000138,P00472,view,2024-01-31T13:09:00
E003582,C000112,P00487,purchase,2024-01-31T13:49:00
E002474,C000709,P00469,cart,2024-01-31T14:05:00
E001331,C000669,P00087,purchase,2024-01-31T14:38:00
E004287,C000286,P00100,view,2024-01-31T14:41:00
E001081,C000194,P00025,purchase,2024-01-31T15:58:00
E001363,C000047,P00386,view,2024-01-31T16:18:00
E005798,C000384,P00344,view,2024-01-31T17:00:00
E004666,C000593,P00002,purchase,2024-01-31T17:09:00
E005952,C000351,P00465,purchase,2024-01-31T17:27:00
E003143,C000318,P00471,purchase,2024-01-31T17:54:00
E003302,C000584,P00221,cart,2024-01-31T18:01:00
E005156,C000797,P00068,view,2024-01-31T18:26:00
E002331,C000662,P00300,purchase,2024-01-31T18:50:00
E000000,C000023,P00482,cart,2024-01-31T19:13:00
E005759,C000217,P00433,cart,2024-01-31T19:56:00
E004397,C000533,P00091,view,2024-01-31T20:26:00
E001470,C000433,P00473,view,2024-01-31T20:32:00
E001771,C000687,P00005,cart,2024-01-31T20:36:00
E001954,C000686,P00053,cart,2024-01-31T21:07:00
E005620,C000245,P00035,view,2024-01-31T21:13:00
E001365,C000244,P00275,view,2024-01-31T21:23:00
E003431,C000754,P00116,cart,2024-01-31T22:00:00
E002932,C000205,P00350,view,2024-01-31T22:03:00
E004758,C000571,P00308,purchase,2024-01-31T22:15:00
E005145,C000394,P00280,view,2024-01-31T23:13:00
E000042,C000173,P00009,view,2024-01-31T23:31:00
E003310,C000725,P00323,purchase,2024-02-01T00:00:00
E005652,C000376,P00285,view,2024-02-01T00:04:00
E003571,C000020,P00121,purchase,2024-02-01T00:13:00
E000117,C000528,P00159,view,2024-02-01T00:52:00
E001938,C000072,P00380,view,2024-02-01T01:56:00
E003281,C000066,P00465,view,2024-02-01T02:37:00
E001813,C000131,P00143,view,2024-02-01T02:54:00
E000337,C000554,P00435,view,2024-02-01T03:02:00
E004219,C000216,P00390,view,2024-02-01T03:46:00
E003838,C000435,P00039,view,2024-02-01T04:32:00
E003723,C000383,P00333,purchase,2024-02-01T04:47:00
E002522,C000472,P00085,cart,2024-02-01T05:38:00
E002896,C000525,P00441,view,2024-02-01T05:42:00
E003213,C000303,P00218,purchase,2024-02-01T06:22:00
E000199,C000126,P00270,view,2024-02-01T06:59:00
E005535,C000195,P00095,view,2024-02-01T07:03:00
E004889,C000553,P00401,cart,2024-02-01T10:00:00
E005453,C000301,P00454,view,2024-02-01T11:27:00
E004632,C000543,P00475,view,2024-02-01T11:42:00
E001537,C000202,P00336,view,2024-02-01T12:31:00
E001724,C000343,P00121,purchase,2024-02-01T12:59:00
E005264,C000292,P00184,view,2024-02-01T14:01:00
E000910,C000653,P00470,view,2024-02-01T14:33:00
E005943,C000382,P00223,view,2024-02-01T14:51:00
E003086,C000455,P00133,purchase,2024-02-01T14:54:00
E000549,C000749,P00267,view,2024-02-01T15:19:00
E004485,C000553,P00166,view,2024-02-01T15:40:00
E002779,C000296,P00321,view,2024-02-01T16:08:00
E004850,C000575,P00191,cart,2024-02-01T18:06:00
E000423,C000256,P00301,view,2024-02-01T18:23:00
E005209,C000159,P00258,view,2024-02-01T18:37:00
E000685,C000058,P00420,view,2024-02-01T19:09:00
E004662,C000109,P00399,view,2024-02-01T19:20:00
E005054,C000287,P00230,view,2024-02-01T19:45:00
E001414,C000648,P00232,view,2024-02-01T19:47:00
E002766,C000114,P00340,view,2024-02-01T20:22:00
E002740,C000418,P00079,purchase,2024-02-01T20:27:00
E003833,C000629,P00334,view,2024-02-01T20:48:00
E003777,C000190,P00147,view,2024-02-01T20:52:00
E005547,C000291,P00159,cart,2024-02-01T21:06:00
E005729,C000182,P00367,cart,2024-02-01T21:32:00
E005315,C000092,P00488,view,2024-02-01T21:33:00
E005305,C000712,P00065,cart,2024-02-01T22:10:00
E000783,C000025,P00476,view,2024-02-01T22:16:00
E005071,C000757,P00015,purchase,2024-02-01T22:20:00
E000121,C000161,P00435,view,2024-02-01T22:23:00
E001468,C000567,P00316,view,2024-02-01T22:33:00
E005771,C000287,P00157,cart,2024-02-01T22:54:00
E005486,C000357,P00459,view,2024-02-01T23:08:00
E002886,C000165,P00002,cart,2024-02-02T00:00:00
E004261,C000234,P00104,view,2024-02-02T00:56:00
E004574,C000786,P00428,purchase,2024-02-02T01:01:00
E004456,C000483,P00320,view,2024-02-02T02:06:00
E003498,C000770,P00428,view,2024-02-02T02:52:00
E001725,C000715,P00318,view,2024-02-02T03:04:00
E002112,C000640,P00291,purchase,2024-02-02T03:27:00
E002054,C000621,P00212,view,2024-02-02T03:36:00
E004731,C000231,P00262,view,2024-02-02T04:03:00
E000005,C000344,P00009,view,2024-02-02T04:09:00
E004910,C000441,P00020,view,2024-02-02T05:10:00
E000068,C000627,P00100,cart,2024-02-02T05:56:00
E000760,C000295,P00136,view,2024-02-02T05:57:00
E001127,C000114,P00099,view,2024-02-02T07:25:00
E004190,C000152,P00370,cart,2024-02-02T09:02:00
E005410,C000179,P00273,cart,2024-02-02T09:37:00
E002985,C000301,P00287,view,2024-02-02T09:57:00
E005115,C000119,P00112,cart,2024-02-02T10:04:00
E004026,C000560,P00042,view,2024-02-02T10:11:00
E005868,C000586,P00161,cart,2024-02-02T12:08:00
E005355,C000624,P00265,view,2024-02-02T12:36:00
E003235,C000216,P00292,view,2024-02-02T13:10:00
E005721,C000028,P00030,purchase,2024-02-02T13:11:00
E001446,C000210,P00498,view,2024-02-02T13:23:00
E005066,C000386,P00445,view,2024-02-02T13:36:00
E004281,C000429,P00084,purchase,2024-02-02T13:53:00
E004613,C000286,P00265,view,2024-02-02T14:00:00
E001750,C000717,P00452,view,2024-02-02T14:04:00
E004898,C000060,P00229,view,2024-02-02T14:10:00
E005356,C000397,P00026,view,2024-02-02T15:30:00
E004381,C000726,P00165,purchase,2024-02-02T15:43:00
E004973,C000038,P00040,view,2024-02-02T16:31:00
E000751,C000377,P00471,cart,2024-02-02T16:37:00
E003636,C000016,P00126,view,2024-02-02T16:47:00
E004189,C000262,P00075,cart,2024-02-02T17:12:00
E002431,C000013,P00447,view,2024-02-02T17:30:00
E000265,C000071,P00029,view,2024-02-02T17:35:00
E002601,C000532,P00190,view,2024-02-02T17:56:00
E002188,C000036,P00280,view,2024-02-02T18:03:00
E000952,C000565,P00389,view,2024-02-02T18:42:00
E005351,C000221,P00036,view,2024-02-02T20:06:00
E001476,C000323,P00149,view,2024-02-02T20:24:00
E001503,C000576,P00436,cart,2024-02-02T20:33:00
E004586,C000057,P00425,cart,2024-02-02T20:52:00
E002754,C000272,P00414,view,2024-02-02T21:20:00
E002656,C000658,P00410,purchase,2024-02-02T22:16:00
E004011,C000257,P00101,cart,2024-02-02T22:22:00
E002823,C000285,P00334,view,2024-02-02T23:09:00
E004082,C000542,P00067,purchase,2024-02-03T00:35:00
E001188,C000761,P00014,view,2024-02-03T01:09:00
E003730,C000134,P00410,view,2024-02-03T01:56:00
E000162,C000144,P00024,view,2024-02-03T02:24:00
E001864,C000548,P00197,view,2024-02-03T03:02:00
E004032,C000260,P00435,view,2024-02-03T03:03:00
E001996,C000464,P00098,cart,2024-02-03T03:09:00
E004096,C000375,P00069,view,2024-02-03T03:23:00
E001061,C000221,P00426,view,2024-02-03T03:41:00
E000884,C000335,P00163,view,2024-02-03T04:17:00
E001477,C000595,P00106,purchase,2024-02-03T04:56:00
E003467,C000447,P00259,purchase,2024-02-03T05:08:00
E000795,C000056,P00294,view,2024-02-03T05:28:00
E000305,C000252,P00267,view,2024-02-03T05:35:00
E002645,C000613,P00268,view,2024-02-03T05:44:00
E000143,C000752,P00136,view,2024-02-03T06:16:00
E002748,C000241,P00303,view,2024-02-03T06:17:00
E000938,C000134,P00497,view,2024-02-03T06:19:00
E003956,C000024,P00048,purchase,2024-02-03T06:39:00
E004327,C000342,P00223,cart,2024-02-03T07:11:00
E005130,C000356,P00377,cart,2024-02-03T07:23:00
E001925,C000344,P00058,cart,2024-02-03T08:11:00
E000710,C000354,P00459,view,2024-02-03T08:48:00
E002626,C000214,P00424,cart,2024-02-03T08:57:00
E002905,C000566,P00047,view,2024-02-03T09:59:00
E000500,C000593,P00153,view,2024-02-03T11:07:00
E001236,C000470,P00202,view,2024-02-03T11:27:00
E003775,C000429,P00084,view,2024-02-03T11:53:00
E002347,C000243,P00048,view,2024-02-03T11:57:00
E005154,C000044,P00455,purchase,2024-02-03T12:54:00
E002313,C000510,P00086,purchase,2024-02-03T13:34:00
E005912,C000744,P00300,view,2024-02-03T13:42:00
E005750,C000434,P00191,view,2024-02-03T15:02:00
E000690,C000668,P00274,view,2024-02-03T15:11:00
E005422,C000421,P00022,cart,2024-02-03T15:24:00
E001405,C000573,P00052,view,2024-02-03T15:35:00
E002643,C000253,P00164,purchase,2024-02-03T15:40:00
E004086,C000273,P00355,view,2024-02-03T17:20:00
E004122,C000509,P00189,view,2024-02-03T17:43:00
E003757,C000438,P00173,view,2024-02-03T18:01:00
E001260,C000421,P00376,view,2024-02-03T18:05:00
E001450,C000473,P00113,purchase,2024-02-03T18:20:00
E001737,C000592,P00189,view,2024-02-03T18:22:00
E002020,C000703,P00035,view,2024-02-03T19:00:00
E003253,C000032,P00024,view,2024-02-03T19:38:00
E005711,C000492,P00468,view,2024-02-03T19:51:00
E002848,C000696,P00289,cart,2024-02-03T20:15:00
E001551,C000684,P00200,cart,2024-02-03T20:29:00
E000417,C000137,P00230,view,2024-02-03T20:35:00
E004265,C000301,P00101,view,2024-02-03T21:17:00
E000960,C000435,P00340,cart,2024-02-03T21:48:00
E005882,C000739,P00169,cart,2024-02-03T22:15:00
E000983,C000428,P00231,view,2024-02-03T22:22:00
E003848,C000562,P00308,view,2024-02-03T22:28:00
E003866,C000517,P00494,purchase,2024-02-03T23:02:00
E005858,C000183,P00463,view,2024-02-03T23:19:00
E004949,C000055,P00189,view,2024-02-03T23:59:00
E004215,C000118,P00220,view,2024-02-04T00:27:00
E004005,C000788,P00232,purchase,2024-02-04T00:32:00
E001321,C000568,P00370,cart,2024-02-04T01:01:00
E002231,C000484,P00052,view,2024-02-04T01:06:00
E005562,C000691,P00068,view,2024-02-04T01:23:00
E001097,C000177,P00340,view,2024-02-04T01:33:00
E004212,C000353,P00361,view,2024-02-04T01:43:00
E000826,C000150,P00256,view,2024-02-04T01:48:00
E003743,C000612,P00482,view,2024-02-04T02:36:00
E005786,C000508,P00237,view,2024-02-04T03:10:00
E002588,C000668,P00493,view,2024-02-04T03:56:00
E002109,C000253,P00355,view,2024-02-04T03:59:00
E000813,C000064,P00412,view,2024-02-04T04:20:00
E005789,C000590,P00181,view,2024-02-04T05:33:00
E002129,C000198,P00045,view,2024-02-04T05:39:00
E003952,C000774,P00053,purchase,2024-02-04T06:43:00
E004899,C000667,P00066,view,2024-02-04T08:37:00
E001652,C000688,P00157,cart,2024-02-04T08:50:00
E005190,C000080,P00048,cart,2024-02-04T08:57:00
E002371,C000479,P00404,purchase,2024-02-04T08:58:00
E005557,C000698,P00283,cart,2024-02-04T09:35:00
E003733,C000085,P00171,view,2024-02-04T09:58:00
E001881,C000287,P00372,view,2024-02-04T10:08:00
E002202,C000050,P00088,purchase,2024-02-04T10:23:00
E003353,C000609,P00051,view,2024-02-04T10:50:00
E004169,C000659,P00227,cart,2024-02-04T10:59:00
E001840,C000438,P00080,view,2024-02-04T11:02:00
E003412,C000714,P00481,cart,2024-02-04T11:25:00
E000822,C000405,P00473,cart,2024-02-04T11:47:00
E001965,C000645,P00078,view,2024-02-04T12:10:00
E005119,C000230,P00442,view,2024-02-04T12:37:00
E001197,C000599,P00474,view,2024-02-04T12:55:00
E003599,C000676,P00375,view,2024-02-04T13:16:00
E004300,C000435,P00086,view,2024-02-04T14:13:00
E002844,C000109,P00336,cart,2024-02-04T14:36:00
E003469,C000115,P00128,view,2024-02-04T15:39:00
E002756,C000096,P00011,cart,2024-02-04T15:47:00
E001702,C000168,P00480,view,2024-02-04T17:56:00
E005324,C000588,P00407,view,2024-02-04T18:19:00
E005404,C000609,P00408,cart,2024-02-04T19:37:00
E001848,C000630,P00424,cart,2024-02-04T19:49:00
E001884,C000303,P00311,purchase,2024-02-04T19:53:00
E005744,C000388,P00255,view,2024-02-04T20:04:00
E002326,C000246,P00267,cart,2024-02-04T20:41:00
E003124,C000219,P00271,cart,2024-02-04T21:04:00
E000404,C000703,P00281,cart,2024-02-04T22:15:00
E001618,C000538,P00014,view,2024-02-04T22:25:00
E003203,C000591,P00335,view,2024-02-04T23:17:00
E002469,C000521,P00391,view,2024-02-04T23:47:00
E001214,C000349,P00402,cart,2024-02-05T00:31:00
E001437,C000283,P00497,cart,2024-02-05T01:32:00
E001989,C000782,P00117,view,2024-02-05T02:20:00
E001397,C000352,P00360,view,2024-02-05T02:26:00
E003578,C000208,P00428,view,2024-02-05T03:04:00
E005042,C000680,P00020,view,2024-02-05T03:19:00
E001423,C000254,P00099,purchase,2024-02-05T03:50:00
E004593,C000112,P00153,view,2024-02-05T04:23:00
E000492,C000636,P00486,view,2024-02-05T05:29:00
E001860,C000775,P00117,view,2024-02-05T05:51:00
E004231,C000296,P00013,purchase,2024-02-05T06:18:00
E003454,C000450,P00215,view,2024-02-05T06:21:00
E003421,C000414,P00430,view,2024-02-05T06:24:00
E004342,C000244,P00188,view,2024-02-05T06:31:00
E000991,C000536,P00486,cart,2024-02-05T07:21:00
E001571,C000582,P00043,cart,2024-02-05T07:44:00
E004346,C000765,P00270,purchase,2024-02-05T07:53:00
E005382,C000237,P00472,view,2024-02-05T08:46:00
E002600,C000042,P00420,purchase,2024-02-05T12:09:00
E004538,C000520,P00152,view,2024-02-05T14:00:00
E003042,C000085,P00218,cart,2024-02-05T14:13:00
E004548,C000604,P00142,cart,2024-02-05T14:53:00
E004575,C000258,P00335,cart,2024-02-05T15:09:00
E000163,C000794,P00008,view,2024-02-05T15:34:00
E003025,C000755,P00196,view,2024-02-05T16:48:00
E000524,C000133,P00342,view,2024-02-05T16:49:00
E000210,C000083,P00349,view,2024-02-05T17:17:00
E000604,C000313,P00325,cart,2024-02-05T17:19:00
E003653,C000455,P00474,view,2024-02-05T17:27:00
E003954,C000272,P00444,view,2024-02-05T19:09:00
E005845,C000017,P00497,purchase,2024-02-05T19:48:00
E001180,C000324,P00045,cart,2024-02-05T19:56:00
E004656,C000753,P00320,view,2024-02-05T19:56:00
E001734,C000414,P00029,view,2024-02-05T20:27:00
E004976,C000138,P00126,view,2024-02-05T21:01:00
E004303,C000229,P00114,view,2024-02-05T21:14:00
E005970,C000065,P00085,cart,2024-02-05T22:30:00
E001255,C000025,P00271,view,2024-02-05T22:35:00
E002015,C000622,P00474,view,2024-02-05T22:54:00
E003825,C000422,P00424,view,2024-02-05T23:32:00
E001939,C000666,P00363,view,2024-02-05T23:47:00
E001637,C000477,P00059,purchase,2024-02-05T23:53:00
E003020,C000530,P00181,view,2024-02-06T00:03:00
E005690,C000380,P00247,view,2024-02-06T00:28:00
E005582,C000771,P00069,cart,2024-02-06T01:11:00
E003911,C000092,P00468,purchase,2024-02-06T02:28:00
E004429,C000177,P00315,view,2024-02-06T02:34:00
E003387,C000064,P00092,view,2024-02-06T02:49:00
E001009,C000561,P00362,cart,2024-02-06T03:32:00
E001193,C000743,P00053,view,2024-02-06T04:50:00
E001037,C000526,P00261,cart,2024-02-06T05:55:00
E000415,C000445,P00283,view,2024-02-06T06:06:00
E003219,C000064,P00480,view,2024-02-06T06:15:00
E003221,C000450,P00084,view,2024-02-06T06:23:00
E004881,C000368,P00456,view,2024-02-06T06:27:00
E004772,C000370,P00295,view,2024-02-06T06:37:00
E002104,C000092,P00465,view,2024-02-06T08:20:00
E004487,C000472,P00318,view,2024-02-06T08:36:00
E004258,C000045,P00498,cart,2024-02-06T08:44:00
E004067,C000238,P00089,view,2024-02-06T09:30:00
E002819,C000488,P00035,view,2024-02-06T10:15:00
E003615,C000136,P00326,cart,2024-02-06T12:08:00
E005716,C000066,P00464,cart,2024-02-06T12:10:00
E005177,C000247,P00069,view,2024-02-06T12:35:00
E001349,C000431,P00420,view,2024-02-06T13:11:00
E003372,C000481,P00098,purchase,2024-02-06T13:37:00
E001160,C000577,P00273,purchase,2024-02-06T13:44:00
E000266,C000570,P00177,purchase,2024-02-06T14:08:00
E001636,C000624,P00138,view,2024-02-06T14:23:00
E003873,C000504,P00249,view,2024-02-06T14:25:00
E005025,C000165,P00054,view,2024-02-06T14:42:00
E005134,C000711,P00073,view,2024-02-06T14:42:00
E003518,C000403,P00176,view,2024-02-06T16:08:00
E002904,C000204,P00118,purchase,2024-02-06T16:23:00
E000150,C000648,P00015,view,2024-02-06T16:35:00
E001748,C000375,P00344,purchase,2024-02-06T17:18:00
E002603,C000018,P00496,view,2024-02-06T17:34:00
E000862,C000338,P00434,view,2024-02-06T17:48:00
E004978,C000073,P00418,view,2024-02-06T18:39:00
E002180,C000389,P00497,cart,2024-02-06T19:07:00
E003369,C000271,P00187,purchase,2024-02-06T19:08:00
E001553,C000280,P00388,purchase,2024-02-06T19:21:00
E005671,C000703,P00402,purchase,2024-02-06T19:34:00
E004208,C000376,P00219,cart,2024-02-06T19:46:00
E000161,C000088,P00204,view,2024-02-06T20:29:00
E002609,C000674,P00338,view,2024-02-06T20:38:00
E002584,C000621,P00388,view,2024-02-06T20:46:00
E000793,C000038,P00101,cart,2024-02-06T21:32:00
E000240,C000039,P00217,view,2024-02-06T22:30:00
E005815,C000552,P00102,view,2024-02-06T22:35:00
E001466,C000032,P00159,purchase,2024-02-07T00:08:00
E005780,C000595,P00201,cart,2024-02-07T00:19:00
E002718,C000072,P00411,view,2024-02-07T01:28:00
E000052,C000422,P00437,purchase,2024-02-07T01:49:00
E005749,C000684,P00279,view,2024-02-07T01:59:00
E000046,C000035,P00087,view,2024-02-07T03:32:00
E001491,C000671,P00309,view,2024-02-07T03:34:00
E002866,C000210,P00335,cart,2024-02-07T03:35:00
E000058,C000606,P00486,view,2024-02-07T04:27:00
E003247,C000172,P00217,purchase,2024-02-07T05:19:00
E004458,C000309,P00435,view,2024-02-07T05:26:00
E004477,C000561,P00490,view,2024-02-07T05:47:00
E002812,C000525,P00075,view,2024-02-07T05:54:00
E005147,C000231,P00431,view,2024-02-07T05:59:00
E002103,C000497,P00119,view,2024-02-07T06:32:00
E004884,C000296,P00275,view,2024-02-07T06:46:00
E005258,C000608,P00126,cart,2024-02-07T07:16:00
E002235,C000651,P00253,view,2024-02-07T07:33:00
E001102,C000284,P00314,purchase,2024-02-07T07:43:00
E003183,C000525,P00334,view,2024-02-07T08:03:00
E003502,C000063,P00080,view,2024-02-07T08:26:00
E004134,C000316,P00117,purchase,2024-02-07T08:49:00
E000895,C000749,P00084,cart,2024-02-07T09:54:00
E001605,C000133,P00125,view,2024-02-07T09:58:00
E005931,C000289,P00189,view,2024-02-07T10:12:00
E003618,C000128,P00362,view,2024-02-07T10:23:00
E003790,C000073,P00086,view,2024-02-07T10:50:00
E005214,C000002,P00297,view,2024-02-07T12:00:00
E001739,C000533,P00015,view,2024-02-07T13:40:00
E004199,C000493,P00326,view,2024-02-07T13:53:00
E005715,C000689,P00176,view,2024-02-07T14:46:00
E003858,C000532,P00423,view,2024-02-07T14:47:00
E005106,C000043,P00105,purchase,2024-02-07T14:54:00
E003931,C000641,P00300,view,2024-02-07T15:09:00
E003495,C000660,P00455,view,2024-02-07T15:19:00
E005281,C000574,P00316,cart,2024-02-07T15:35:00
E002978,C000521,P00367,view,2024-02-07T16:20:00
E001367,C000521,P00228,view,2024-02-07T17:32:00
E000067,C000248,P00096,purchase,2024-02-07T18:13:00
E005477,C000122,P00204,view,2024-02-07T18:15:00
E001712,C000558,P00405,view,2024-02-07T18:49:00
E000758,C000279,P00105,cart,2024-02-07T19:23:00
E003500,C000076,P00401,purchase,2024-02-07T19:52:00
E004587,C000587,P00055,purchase,2024-02-07T20:28:00
E005685,C000734,P00146,purchase,2024-02-07T22:16:00
E000883,C000264,P00131,view,2024-02-07T22:23:00
E003488,C000297,P00117,purchase,2024-02-07T22:32:00
E002187,C000767,P00326,cart,2024-02-07T22:42:00
E003051,C000184,P00320,view,2024-02-07T23:01:00
E004687,C000790,P00190,view,2024-02-07T23:08:00
E003101,C000385,P00300,view,2024-02-08T00:02:00
E005482,C000480,P00091,view,2024-02-08T00:11:00
E004211,C000419,P00477,view,2024-02-08T00:20:00
E003207,C000391,P00357,view,2024-02-08T00:58:00
E003466,C000628,P00233,view,2024-02-08T01:12:00
E003972,C000446,P00338,purchase,2024-02-08T01:31:00
E002167,C000112,P00446,view,2024-02-08T02:33:00
E003682,C000398,P00103,cart,2024-02-08T03:08:00
E002530,C000296,P00191,view,2024-02-08T03:10:00
E003441,C000238,P00024,cart,2024-02-08T03:40:00
E003455,C000200,P00081,view,2024-02-08T03:47:00
E003064,C000595,P00039,cart,2024-02-08T05:14:00
E004829,C000089,P00449,cart,2024-02-08T05:17:00
E000831,C000050,P00293,cart,2024-02-08T05:29:00
E000441,C000572,P00251,view,2024-02-08T05:29:00
E005622,C000060,P00352,view,2024-02-08T05:46:00
E003991,C000740,P00432,cart,2024-02-08T06:26:00
E003974,C000635,P00239,cart,2024-02-08T06:45:00
E001155,C000763,P00328,view,2024-02-08T06:50:00
E003139,C000451,P00184,view,2024-02-08T07:09:00
E001063,C000159,P00239,view,2024-02-08T07:46:00
E001967,C000094,P00004,view,2024-02-08T08:31:00
E004515,C000078,P00404,view,2024-02-08T09:06:00
E002116,C000272,P00227,view,2024-02-08T09:36:00
E003023,C000485,P00012,cart,2024-02-08T09:39:00
E003555,C000221,P00019,view,2024-02-08T10:02:00
E004414,C000696,P00458,view,2024-02-08T10:19:00
E003900,C000503,P00388,view,2024-02-08T10:51:00
E002121,C000043,P00110,view,2024-02-08T11:11:00
E002113,C000302,P00179,cart,2024-02-08T11:17:00
E000614,C000634,P00327,cart,2024-02-08T11:18:00
E003356,C000234,P00259,view,2024-02-08T11:19:00
E004660,C000217,P00269,purchase,2024-02-08T12:49:00
E003217,C000014,P00270,view,2024-02-08T14:05:00
E002682,C000243,P00486,cart,2024-02-08T14:35:00
E004325,C000265,P00307,purchase,2024-02-08T15:46:00
E003313,C000135,P00142,view,2024-02-08T17:03:00
E000478,C000733,P00376,view,2024-02-08T17:29:00
E000446,C000197,P00035,view,2024-02-08T17:52:00
E000861,C000047,P00065,view,2024-02-08T17:55:00
E000534,C000760,P00103,view,2024-02-08T17:58:00
E004689,C000799,P00447,view,2024-02-08T18:39:00
E002987,C000707,P00072,view,2024-02-08T20:09:00
E002195,C000376,P00113,view,2024-02-08T20:37:00
E005870,C000694,P00222,view,2024-02-08T20:53:00
E004658,C000150,P00168,view,2024-02-08T20:58:00
E001252,C000663,P00213,view,2024-02-08T21:56:00
E000392,C000083,P00035,view,2024-02-08T21:56:00
E002520,C000302,P00033,cart,2024-02-08T23:12:00
E004797,C000249,P00360,view,2024-02-08T23:23:00
E000427,C000540,P00366,view,2024-02-08T23:31:00
E003816,C000474,P00127,view,2024-02-08T23:53:00
E004490,C000722,P00162,view,2024-02-08T23:53:00
E002248,C000412,P00112,view,2024-02-09T00:01:00
E004438,C000150,P00058,view,2024-02-09T01:01:00
E000854,C000392,P00157,view,2024-02-09T01:10:00
E000255,C000484,P00297,view,2024-02-09T02:30:00
E002786,C000538,P00243,purchase,2024-02-09T03:11:00
E004061,C000443,P00327,view,2024-02-09T03:26:00
E000061,C000579,P00173,view,2024-02-09T04:01:00
E003148,C000587,P00260,purchase,2024-02-09T04:46:00
E003155,C000768,P00028,purchase,2024-02-09T05:58:00
E002933,C000630,P00036,view,2024-02-09T06:15:00
E001055,C000100,P00356,view,2024-02-09T06:30:00
E004147,C000446,P00099,view,2024-02-09T06:30:00
E002697,C000465,P00191,view,2024-02-09T06:52:00
E002923,C000423,P00308,cart,2024-02-09T06:53:00
E004276,C000428,P00333,purchase,2024-02-09T06:54:00
E003824,C000289,P00401,view,2024-02-09T06:56:00
E005983,C000705,P00056,view,2024-02-09T07:36:00
E001829,C000061,P00097,view,2024-02-09T07:54:00
E000276,C000762,P00306,view,2024-02-09T08:38:00
E003660,C000219,P00222,view,2024-02-09T08:51:00
E001902,C000763,P00183,cart,2024-02-09T08:52:00
E004004,C000482,P00106,cart,2024-02-09T09:06:00
E002722,C000253,P00227,view,2024-02-09T09:11:00
E002354,C000713,P00104,view,2024-02-09T09:12:00
E002110,C000250,P00406,view,2024-02-09T09:49:00
E005313,C000203,P00458,view,2024-02-09T10:03:00
E001173,C000520,P00150,cart,2024-02-09T10:04:00
E005998,C000535,P00083,view,2024-02-09T10:17:00
E001624,C000130,P00321,view,2024-02-09T10:19:00
E002639,C000761,P00294,view,2024-02-09T10:34:00
E001429,C000663,P00213,view,2024-02-09T10:45:00
E000366,C000064,P00046,cart,2024-02-09T11:41:00
E002038,C000493,P00093,purchase,2024-02-09T12:41:00
E003296,C000107,P00082,cart,2024-02-09T14:04:00
E005831,C000763,P00138,cart,2024-02-09T14:12:00
E001628,C000030,P00173,view,2024-02-09T14:14:00
E005779,C000623,P00463,cart,2024-02-09T14:28:00
E005141,C000559,P00190,view,2024-02-09T14:43:00
E002087,C000489,P00236,purchase,2024-02-09T15:06:00
E005949,C000725,P00170,view,2024-02-09T15:11:00
E002935,C000288,P00103,view,2024-02-09T15:14:00
E000360,C000237,P00243,view,2024-02-09T16:16:00
E001668,C000768,P00033,view,2024-02-09T16:26:00
E002993,C000646,P00131,view,2024-02-09T17:12:00
E005925,C000536,P00274,cart,2024-02-09T17:23:00
E001133,C000643,P00215,cart,2024-02-09T17:50:00
E003621,C000773,P00480,view,2024-02-09T18:02:00
E002895,C000566,P00175,cart,2024-02-09T18:26:00
E005637,C000567,P00115,view,2024-02-09T18:30:00
E002042,C000687,P00421,cart,2024-02-09T18:52:00
E001465,C000062,P00387,cart,2024-02-09T19:29:00
E005088,C000472,P00308,purchase,2024-02-09T20:02:00
E003236,C000467,P00199,purchase,2024-02-09T20:25:00
E004822,C000325,P00332,view,2024-02-09T20:31:00
E005060,C000168,P00444,view,2024-02-09T21:02:00
E001696,C000232,P00065,purchase,2024-02-09T21:49:00
E000641,C000375,P00496,cart,2024-02-09T21:56:00
E005311,C000622,P00479,view,2024-02-09T22:03:00
E005499,C000413,P00111,cart,2024-02-09T23:39:00
E001684,C000749,P00217,view,2024-02-09T23:53:00
E004904,C000601,P00195,view,2024-02-10T00:41:00
E005094,C000068,P00375,view,2024-02-10T01:01:00
E001683,C000244,P00062,view,2024-02-10T01:05:00
E004934,C000186,P00343,cart,2024-02-10T01:05:00
E002097,C000258,P00106,cart,2024-02-10T01:35:00
E004400,C000766,P00308,view,2024-02-10T01:38:00
E003171,C000754,P00464,cart,2024-02-10T01:55:00
E000395,C000194,P00125,cart,2024-02-10T02:06:00
E001550,C000556,P00448,view,2024-02-10T02:20:00
E001308,C000388,P00087,purchase,2024-02-10T02:21:00
E001523,C000651,P00391,view,2024-02-10T02:49:00
E003458,C000716,P00359,view,2024-02-10T04:24:00
E003159,C000414,P00167,purchase,2024-02-10T04:46:00
E005843,C000073,P00144,cart,2024-02-10T04:57:00
E005124,C000223,P00253,view,2024-02-10T05:35:00
E002181,C000450,P00184,view,2024-02-10T05:36:00
E005350,C000299,P00473,view,2024-02-10T05:47:00
E005161,C000447,P00132,view,2024-02-10T06:11:00
E005170,C000754,P00005,view,2024-02-10T06:20:00
E002126,C000418,P00009,cart,2024-02-10T06:22:00
E000999,C000718,P00448,purchase,2024-02-10T07:00:00
E003877,C000392,P00440,purchase,2024-02-10T07:21:00
E001220,C000670,P00238,cart,2024-02-10T09:18:00
E000233,C000620,P00440,view,2024-02-10T10:53:00
E002146,C000122,P00253,view,2024-02-10T11:31:00
E000998,C000730,P00227,view,2024-02-10T12:33:00
E002890,C000678,P00022,view,2024-02-10T12:49:00
E005837,C000607,P00457,view,2024-02-10T12:51:00
E004279,C000240,P00064,purchase,2024-02-10T12:59:00
E001681,C000011,P00382,view,2024-02-10T13:53:00
E000596,C000298,P00076,view,2024-02-10T14:09:00
E002946,C000035,P00434,purchase,2024-02-10T14:12:00
E000405,C000123,P00211,view,2024-02-10T14:34:00
E005495,C000514,P00314,view,2024-02-10T14:46:00
E005186,C000581,P00283,view,2024-02-10T16:16:00
E002377,C000411,P00108,purchase,2024-02-10T16:18:00
E005212,C000736,P00334,cart,2024-02-10T16:30:00
E004513,C000742,P00292,cart,2024-02-10T16:35:00
E000767,C000622,P00475,purchase,2024-02-10T16:56:00
E001580,C000539,P00399,view,2024-02-10T17:07:00
E001413,C000243,P00258,cart,2024-02-10T17:17:00
E005694,C000687,P00441,cart,2024-02-10T17:22:00
E000221,C000152,P00122,view,2024-02-10T17:50:00
E002316,C000050,P00421,view,2024-02-10T18:19:00
E005907,C000517,P00034,view,2024-02-10T18:24:00
E000482,C000343,P00293,view,2024-02-10T18:27:00
E004693,C000177,P00238,view,2024-02-10T18:42:00
E005995,C000513,P00001,view,2024-02-10T19:51:00
E004413,C000031,P00465,cart,2024-02-10T20:20:00
E001521,C000478,P00369,view,2024-02-10T20:57:00
E002909,C000307,P00187,view,2024-02-10T21:01:00
E002613,C000094,P00165,cart,2024-02-10T21:34:00
E004530,C000161,P00480,view,2024-02-10T21:54:00
E000845,C000213,P00037,view,2024-02-10T21:55:00
E004851,C000447,P00013,cart,2024-02-10T22:10:00
E003060,C000512,P00027,cart,2024-02-10T23:20:00
E000019,C000573,P00108,view,2024-02-10T23:42:00
E003452,C000438,P00339,purchase,2024-02-11T00:41:00
E004902,C000176,P00301,view,2024-02-11T03:49:00
E003841,C000066,P00251,view,2024-02-11T04:08:00
E004601,C000204,P00176,cart,2024-02-11T04:20:00
E005018,C000273,P00372,view,2024-02-11T04:48:00
E004640,C000686,P00124,cart,2024-02-11T05:08:00
E000852,C000595,P00455,purchase,2024-02-11T06:04:00
E002745,C000204,P00407,view,2024-02-11T06:36:00
E003601,C000046,P00065,purchase,2024-02-11T06:42:00
E002810,C000319,P00294,purchase,2024-02-11T07:36:00
E000146,C000428,P00365,cart,2024-02-11T07:44:00
E001359,C000115,P00471,cart,2024-02-11T08:32:00
E002471,C000364,P00221,view,2024-02-11T08:51:00
E001304,C000529,P00309,view,2024-02-11T09:11:00
E000818,C000250,P00071,view,2024-02-11T09:20:00
E002857,C000793,P00025,cart,2024-02-11T09:36:00
E003332,C000191,P00068,purchase,2024-02-11T12:27:00
E002955,C000736,P00214,purchase,2024-02-11T12:46:00
E003684,C000315,P00459,view,2024-02-11T12:59:00
E002252,C000428,P00107,view,2024-02-11T13:04:00
E005698,C000603,P00169,view,2024-02-11T13:56:00
E000605,C000452,P00183,view,2024-02-11T14:08:00
E005930,C000179,P00138,view,2024-02-11T14:15:00
E005599,C000384,P00197,view,2024-02-11T14:26:00
E001161,C000163,P00124,view,2024-02-11T16:28:00
E002221,C000518,P00197,view,2024-02-11T16:55:00
E001928,C000447,P00405,view,2024-02-11T17:51:00
E005095,C000650,P00367,purchase,2024-02-11T18:20:00
E005418,C000014,P00196,view,2024-02-11T18:33:00
E001416,C000014,P00054,view,2024-02-11T19:17:00
E005889,C000653,P00210,view,2024-02-11T19:19:00
E000164,C000383,P00170,view,2024-02-11T19:30:00
E000947,C000730,P00493,cart,2024-02-11T19:37:00
E000040,C000591,P00133,view,2024-02-11T20:17:00
E002620,C000783,P00236,purchase,2024-02-11T20:49:00
E001747,C000768,P00272,cart,2024-02-11T20:56:00
E004987,C000107,P00149,view,2024-02-11T21:24:00
E001334,C000752,P00118,view,2024-02-11T21:49:00
E005573,C000013,P00430,purchase,2024-02-11T21:59:00
E002882,C000046,P00060,view,2024-02-11T22:02:00
E001306,C000105,P00450,view,2024-02-11T22:58:00
E000769,C000711,P00328,view,2024-02-11T23:56:00
E002854,C000364,P00029,cart,2024-02-12T00:10:00
E005827,C000615,P00099,view,2024-02-12T00:16:00
E001084,C000176,P00395,cart,2024-02-12T00:56:00
E004627,C000085,P00463,view,2024-02-12T01:05:00
E001912,C000126,P00233,purchase,2024-02-12T01:10:00
E005295,C000051,P00472,view,2024-02-12T02:22:00
E000314,C000457,P00128,view,2024-02-12T02:56:00
E004390,C000213,P00112,cart,2024-02-12T03:21:00
E001772,C000116,P00419,view,2024-02-12T03:45:00
E000870,C000630,P00066,view,2024-02-12T03:49:00
E003823,C000372,P00002,cart,2024-02-12T04:01:00
E003437,C000313,P00122,view,2024-02-12T04:12:00
E000112,C000279,P00048,view,2024-02-12T04:33:00
E001454,C000364,P00439,cart,2024-02-12T04:47:00
E000353,C000105,P00094,view,2024-02-12T05:26:00
E003604,C000443,P00365,view,2024-02-12T05:54:00
E000970,C000046,P00304,view,2024-02-12T06:18:00
E003910,C000650,P00215,view,2024-02-12T06:36:00
E000269,C000480,P00100,view,2024-02-12T06:49:00
E000593,C000653,P00004,view,2024-02-12T07:15:00
E002100,C000595,P00312,view,2024-02-12T07:19:00
E001514,C000678,P00021,view,2024-02-12T08:46:00
E003077,C000284,P00102,view,2024-02-12T09:12:00
E003325,C000563,P00156,purchase,2024-02-12T09:53:00
E000038,C000683,P00115,view,2024-02-12T10:22:00
E003572,C000054,P00232,purchase,2024-02-12T10:54:00
E005875,C000432,P00398,purchase,2024-02-12T11:24:00
E001540,C000610,P00021,view,2024-02-12T12:20:00
E003996,C000399,P00015,view,2024-02-12T13:01:00
E003770,C000098,P00064,view,2024-02-12T13:11:00
E000119,C000380,P00498,view,2024-02-12T13:22:00
E004985,C000700,P00486,view,2024-02-12T13:34:00
E004336,C000655,P00328,view,2024-02-12T14:24:00
E004555,C000312,P00221,cart,2024-02-12T14:31:00
E003545,C000524,P00017,view,2024-02-12T14:59:00
E000610,C000606,P00016,purchase,2024-02-12T15:29:00
E000422,C000493,P00128,view,2024-02-12T15:58:00
E001219,C000159,P00317,view,2024-02-12T17:28:00
E003460,C000352,P00122,purchase,2024-02-12T17:55:00
E004569,C000473,P00496,view,2024-02-12T17:56:00
E000903,C000009,P00348,view,2024-02-12T18:18:00
E004605,C000410,P00225,view,2024-02-12T18:38:00
E004016,C000438,P00359,cart,2024-02-12T18:45:00
E002594,C000472,P00223,cart,2024-02-12T19:02:00
E005207,C000239,P00352,view,2024-02-12T19:36:00
E002022,C000510,P00241,view,2024-02-12T19:46:00
E004540,C000269,P00483,view,2024-02-12T20:12:00
E000013,C000470,P00007,view,2024-02-12T20:36:00
E000697,C000760,P00252,purchase,2024-02-12T21:50:00
E004106,C000510,P00152,view,2024-02-12T21:58:00
E000631,C000424,P00017,purchase,2024-02-12T22:55:00
E005732,C000082,P00115,view,2024-02-13T00:48:00
E001713,C000772,P00455,view,2024-02-13T01:10:00
E000497,C000780,P00472,cart,2024-02-13T01:50:00
E002001,C000127,P00188,cart,2024-02-13T02:10:00
E002508,C000266,P00081,view,2024-02-13T02:15:00
E002032,C000533,P00391,purchase,2024-02-13T03:01:00
E004544,C000071,P00175,view,2024-02-13T03:03:00
E001445,C000086,P00492,view,2024-02-13T03:32:00
E000241,C000217,P00423,view,2024-02-13T03:56:00
E005342,C000064,P00322,view,2024-02-13T04:37:00
E005531,C000083,P00237,cart,2024-02-13T04:53:00
E002117,C000017,P00123,view,2024-02-13T05:39:00
E005567,C000739,P00063,view,2024-02-13T06:34:00
E000670,C000238,P00196,view,2024-02-13T06:45:00
E004609,C000574,P00359,view,2024-02-13T06:48:00
E005669,C000587,P00101,view,2024-02-13T07:46:00
E002394,C000125,P00089,cart,2024-02-13T08:00:00
E004394,C000068,P00460,view,2024-02-13T08:55:00
E002659,C000691,P00334,view,2024-02-13T09:36:00
E000761,C000749,P00040,view,2024-02-13T10:15:00
E003158,C000765,P00483,view,2024-02-13T11:32:00
E003011,C000156,P00417,cart,2024-02-13T12:15:00
E000781,C000329,P00166,cart,2024-02-13T12:25:00
E004105,C000173,P00360,cart,2024-02-13T12:40:00
E003471,C000515,P00493,cart,2024-02-13T12:41:00
E004919,C000421,P00199,cart,2024-02-13T13:15:00
E005894,C000370,P00346,cart,2024-02-13T15:13:00
E004647,C000719,P00210,view,2024-02-13T15:38:00
E004765,C000203,P00176,cart,2024-02-13T15:38:00
E002610,C000629,P00183,view,2024-02-13T15:52:00
E003274,C000653,P00074,view,2024-02-13T16:02:00
E003108,C000208,P00316,purchase,2024-02-13T16:24:00
E001561,C000365,P00340,purchase,2024-02-13T17:02:00
E005371,C000623,P00404,view,2024-02-13T17:21:00
E005128,C000123,P00429,view,2024-02-13T18:11:00
E001115,C000495,P00212,view,2024-02-13T18:15:00
E003992,C000004,P00467,cart,2024-02-13T18:37:00
E003562,C000112,P00150,view,2024-02-13T19:46:00
E004100,C000532,P00264,view,2024-02-13T20:15:00
E001313,C000369,P00322,view,2024-02-13T20:39:00
E000541,C000790,P00221,view,2024-02-13T21:49:00
E005208,C000483,P00098,view,2024-02-13T22:36:00
E000732,C000713,P00093,cart,2024-02-13T22:41:00
E002024,C000393,P00403,cart,2024-02-13T22:59:00
E003579,C000571,P00091,view,2024-02-13T23:39:00
E001587,C000770,P00341,view,2024-02-13T23:50:00
E004527,C000619,P00299,purchase,2024-02-14T00:31:00
E005317,C000705,P00165,view,2024-02-14T00:39:00
E005953,C000133,P00238,view,2024-02-14T00:58:00
E004882,C000206,P00087,purchase,2024-02-14T01:12:00
E003570,C000429,P00241,view,2024-02-14T01:15:00
E002059,C000644,P00396,view,2024-02-14T02:22:00
E002173,C000339,P00483,cart,2024-02-14T02:55:00
E001858,C000665,P00227,cart,2024-02-14T03:02:00
E004019,C000031,P00213,cart,2024-02-14T03:07:00
E005731,C000291,P00335,view,2024-02-14T03:10:00
E004464,C000115,P00134,view,2024-02-14T03:25:00
E002587,C000072,P00296,view,2024-02-14T04:04:00
E002404,C000569,P00486,view,2024-02-14T04:14:00
E001643,C000678,P00327,view,2024-02-14T04:16:00
E000279,C000314,P00367,view,2024-02-14T05:02:00
E005289,C000160,P00148,view,2024-02-14T05:05:00
E004135,C000067,P00330,cart,2024-02-14T05:21:00
E004044,C000153,P00377,view,2024-02-14T06:16:00
E005968,C000331,P00356,view,2024-02-14T06:19:00
E003888,C000351,P00437,purchase,2024-02-14T09:25:00
E001206,C000210,P00130,view,2024-02-14T09:42:00
E001457,C000105,P00283,view,2024-02-14T09:51:00
E004010,C000128,P00320,view,2024-02-14T09:51:00
E002417,C000410,P00057,purchase,2024-02-14T10:47:00
E002898,C000783,P00365,purchase,2024-02-14T11:16:00
E003507,C000348,P00445,view,2024-02-14T11:34:00
E004118,C000745,P00100,view,2024-02-14T12:56:00
E002788,C000276,P00414,view,2024-02-14T12:57:00
E003718,C000731,P00352,view,2024-02-14T13:12:00
E003170,C000071,P00136,purchase,2024-02-14T13:23:00
E003021,C000093,P00427,view,2024-02-14T15:37:00
E003619,C000435,P00099,view,2024-02-14T15:45:00
E001196,C000659,P00430,view,2024-02-14T16:18:00
E002988,C000197,P00314,cart,2024-02-14T16:43:00
E004551,C000148,P00237,view,2024-02-14T17:14:00
E005438,C000623,P00426,view,2024-02-14T17:33:00
E002409,C000755,P00027,purchase,2024-02-14T17:51:00
E001497,C000496,P00090,view,2024-02-14T18:03:00
E003069,C000595,P00116,cart,2024-02-14T18:21:00
E001584,C000343,P00083,cart,2024-02-14T18:23:00
E003627,C000133,P00043,view,2024-02-14T19:05:00
E001475,C000721,P00411,cart,2024-02-14T19:40:00
E001524,C000077,P00241,cart,2024-02-14T20:27:00
E001146,C000328,P00009,cart,2024-02-14T20:39:00
E004956,C000280,P00225,view,2024-02-14T20:46:00
E004314,C000557,P00358,view,2024-02-14T20:51:00
E003191,C000336,P00414,view,2024-02-14T21:08:00
E000186,C000319,P00001,purchase,2024-02-14T21:09:00
E003989,C000400,P00448,cart,2024-02-14T21:32:00
E000988,C000454,P00422,purchase,2024-02-14T21:52:00
E005636,C000517,P00207,view,2024-02-14T21:56:00
E003368,C000004,P00354,cart,2024-02-14T22:17:00
E000165,C000125,P00202,view,2024-02-14T22:50:00
E004500,C000794,P00000,view,2024-02-14T23:13:00
E002524,C000572,P00375,view,2024-02-14T23:39:00
E002071,C000325,P00320,view,2024-02-15T00:22:00
E000032,C000369,P00479,view,2024-02-15T00:47:00
E005764,C000702,P00356,view,2024-02-15T00:51:00
E002604,C000621,P00447,view,2024-02-15T02:18:00
E001590,C000788,P00072,cart,2024-02-15T03:25:00
E004556,C000568,P00490,purchase,2024-02-15T04:01:00
E000251,C000394,P00315,view,2024-02-15T04:26:00
E001653,C000149,P00258,view,2024-02-15T04:28:00
E000973,C000313,P00050,cart,2024-02-15T05:16:00
E000659,C000052,P00337,cart,2024-02-15T05:32:00
E001743,C000041,P00205,view,2024-02-15T06:02:00
E003520,C000418,P00330,view,2024-02-15T06:15:00
E001740,C000472,P00319,view,2024-02-15T06:27:00
E000923,C000691,P00464,view,2024-02-15T06:37:00
E002716,C000785,P00290,cart,2024-02-15T08:15:00
E001581,C000161,P00188,purchase,2024-02-15T10:22:00
E004255,C000301,P00026,view,2024-02-15T10:26:00
E004724,C000016,P00290,view,2024-02-15T11:01:00
E004650,C000723,P00487,cart,2024-02-15T11:43:00
E001759,C000796,P00484,view,2024-02-15T11:44:00
E001659,C000569,P00414,view,2024-02-15T12:00:00
E000166,C000444,P00081,view,2024-02-15T12:01:00
E003090,C000546,P00478,purchase,2024-02-15T12:22:00
E004040,C000594,P00431,view,2024-02-15T12:43:00
E001101,C000204,P00453,view,2024-02-15T14:18:00
E001346,C000369,P00252,view,2024-02-15T14:42:00
E004748,C000031,P00153,purchase,2024-02-15T14:52:00
E001918,C000785,P00030,view,2024-02-15T14:53:00
E005520,C000085,P00320,view,2024-02-15T15:18:00
E001223,C000024,P00034,view,2024-02-15T15:19:00
E004742,C000241,P00279,view,2024-02-15T15:56:00
E005906,C000509,P00425,view,2024-02-15T16:02:00
E004192,C000269,P00467,cart,2024-02-15T16:19:00
E005390,C000362,P00142,view,2024-02-15T19:09:00
E005241,C000405,P00202,view,2024-02-15T19:17:00
E003312,C000121,P00415,cart,2024-02-15T19:17:00
E005663,C000762,P00336,purchase,2024-02-15T19:25:00
E003279,C000104,P00496,view,2024-02-15T19:56:00
E004393,C000242,P00194,view,2024-02-15T20:00:00
E000897,C000018,P00324,purchase,2024-02-15T20:39:00
E002452,C000103,P00067,view,2024-02-15T21:48:00
E003558,C000355,P00010,view,2024-02-15T22:40:00
E003413,C000571,P00191,view,2024-02-15T22:41:00
E004282,C000646,P00101,view,2024-02-15T23:16:00
E005091,C000166,P00395,view,2024-02-15T23:30:00
E002055,C000449,P00277,cart,2024-02-15T23:57:00
E004436,C000476,P00088,view,2024-02-16T00:39:00
E003567,C000588,P00270,purchase,2024-02-16T01:21:00
E000504,C000432,P00068,view,2024-02-16T02:16:00
E000840,C000234,P00094,view,2024-02-16T02:36:00
E004499,C000706,P00431,view,2024-02-16T02:36:00
E002484,C000035,P00407,cart,2024-02-16T03:00:00
E003050,C000769,P00017,purchase,2024-02-16T03:03:00
E005849,C000252,P00055,view,2024-02-16T03:09:00
E001809,C000705,P00271,view,2024-02-16T03:21:00
E001050,C000501,P00087,view,2024-02-16T03:43:00
E002340,C000408,P00439,view,2024-02-16T03:56:00
E001422,C000370,P00099,view,2024-02-16T04:06:00
E002585,C000332,P00326,cart,2024-02-16T05:15:00
E003232,C000641,P00255,view,2024-02-16T05:17:00
E003958,C000063,P00470,view,2024-02-16T06:23:00
E002974,C000588,P00116,view,2024-02-16T06:47:00
E002532,C000736,P00281,view,2024-02-16T07:13:00
E004495,C000756,P00090,cart,2024-02-16T08:30:00
E000953,C000382,P00359,view,2024-02-16T08:30:00
E000239,C000394,P00176,purchase,2024-02-16T09:00:00
E002625,C000245,P00012,view,2024-02-16T09:05:00
E000814,C000681,P00447,view,2024-02-16T09:33:00
E000954,C000305,P00363,view,2024-02-16T09:56:00
E000940,C000475,P00232,view,2024-02-16T11:02:00
E000060,C000591,P00049,cart,2024-02-16T11:08:00
E004467,C000036,P00349,cart,2024-02-16T12:30:00
E000936,C000571,P00101,view,2024-02-16T12:44:00
E003793,C000604,P00267,view,2024-02-16T12:58:00
E003760,C000710,P00083,purchase,2024-02-16T13:30:00
E000688,C000221,P00095,view,2024-02-16T13:34:00
E001990,C000183,P00079,view,2024-02-16T13:37:00
E004539,C000208,P00248,view,2024-02-16T13:49:00
E005942,C000489,P00008,cart,2024-02-16T13:57:00
E005041,C000312,P00310,view,2024-02-16T14:04:00
E005395,C000435,P00304,purchase,2024-02-16T14:44:00
E002999,C000287,P00194,view,2024-02-16T14:45:00
E003204,C000117,P00429,view,2024-02-16T15:29:00
E005118,C000611,P00070,view,2024-02-16T16:14:00
E000170,C000653,P00333,cart,2024-02-16T16:14:00
E001823,C000420,P00037,view,2024-02-16T16:41:00
E000106,C000605,P00019,view,2024-02-16T17:23:00
E005853,C000304,P00247,view,2024-02-16T17:46:00
E003128,C000575,P00386,cart,2024-02-16T18:16:00
E005481,C000345,P00337,cart,2024-02-16T20:52:00
E002747,C000235,P00260,view,2024-02-16T21:09:00
E001095,C000369,P00245,view,2024-02-16T21:21:00
E000235,C000588,P00423,cart,2024-02-16T21:45:00
E001629,C000107,P00475,view,2024-02-16T21:48:00
E000406,C000731,P00072,cart,2024-02-16T21:50:00
E001011,C000781,P00049,view,2024-02-16T21:52:00
E004573,C000718,P00168,purchase,2024-02-16T22:15:00
E000132,C000635,P00371,view,2024-02-16T22:21:00
E000111,C000285,P00367,view,2024-02-16T22:42:00
E000759,C000596,P00164,view,2024-02-16T22:53:00
E003354,C000105,P00386,view,2024-02-16T23:03:00
E004664,C000489,P00160,cart,2024-02-17T00:02:00
E004273,C000715,P00037,view,2024-02-17T01:44:00
E004879,C000612,P00325,view,2024-02-17T02:03:00
E004114,C000251,P00387,view,2024-02-17T02:07:00
E004294,C000453,P00365,view,2024-02-17T03:03:00
E001690,C000522,P00341,view,2024-02-17T03:26:00
E004676,C000428,P00302,view,2024-02-17T03:42:00
E002449,C000116,P00137,cart,2024-02-17T03:49:00
E003228,C000371,P00215,view,2024-02-17T03:50:00
E001746,C000053,P00224,view,2024-02-17T03:57:00
E001043,C000159,P00029,view,2024-02-17T04:06:00
E001769,C000310,P00271,cart,2024-02-17T04:08:00
E002953,C000319,P00481,purchase,2024-02-17T04:11:00
E005373,C000635,P00394,view,2024-02-17T05:17:00
E005413,C000498,P00018,cart,2024-02-17T06:11:00
E001790,C000510,P00040,cart,2024-02-17T06:31:00
E000700,C000305,P00203,view,2024-02-17T06:47:00
E004821,C000607,P00350,view,2024-02-17T07:03:00
E005734,C000475,P00435,view,2024-02-17T07:49:00
E002169,C000373,P00040,view,2024-02-17T08:42:00
E004338,C000522,P00275,purchase,2024-02-17T09:04:00
E003167,C000523,P00444,view,2024-02-17T10:16:00
E004200,C000515,P00384,view,2024-02-17T10:23:00
E004181,C000072,P00072,view,2024-02-17T10:42:00
E005335,C000398,P00028,cart,2024-02-17T13:19:00
E003479,C000403,P00098,view,2024-02-17T13:20:00
E000443,C000000,P00210,view,2024-02-17T13:34:00
E002266,C000192,P00012,view,2024-02-17T13:50:00
E005292,C000173,P00173,purchase,2024-02-17T14:34:00
E000964,C000418,P00303,cart,2024-02-17T14:42:00
E003107,C000474,P00234,view,2024-02-17T14:46:00
E002486,C000430,P00059,cart,2024-02-17T15:24:00
E001751,C000693,P00147,view,2024-02-17T15:50:00
E004875,C000791,P00218,purchase,2024-02-17T15:53:00
E005559,C000432,P00209,cart,2024-02-17T15:56:00
E002571,C000549,P00268,view,2024-02-17T16:31:00
E003481,C000477,P00270,cart,2024-02-17T16:49:00
E005664,C000148,P00310,view,2024-02-17T17:41:00
E005126,C000500,P00066,view,2024-02-17T17:47:00
E003524,C000187,P00407,view,2024-02-17T17:51:00
E003641,C000550,P00298,cart,2024-02-17T18:06:00
E001415,C000403,P00043,view,2024-02-17T19:32:00
E004766,C000006,P00149,view,2024-02-17T20:08:00
E005278,C000350,P00330,view,2024-02-17T20:25:00
E002922,C000770,P00260,view,2024-02-17T20:31:00
E000734,C000663,P00000,view,2024-02-17T20:59:00
E001676,C000343,P00336,view,2024-02-17T21:55:00
E002285,C000288,P00328,purchase,2024-02-17T21:59:00
E004578,C000356,P00269,view,2024-02-17T23:09:00
E001565,C000610,P00390,purchase,2024-02-17T23:58:00
E001644,C000173,P00100,view,2024-02-18T00:26:00
E002558,C000250,P00480,view,2024-02-18T00:33:00
E002083,C000029,P00463,view,2024-02-18T01:00:00
E004405,C000357,P00170,view,2024-02-18T01:08:00
E004306,C000394,P00033,view,2024-02-18T01:57:00
E002906,C000428,P00371,view,2024-02-18T01:58:00
E003929,C000435,P00423,cart,2024-02-18T02:47:00
E004288,C000073,P00335,cart,2024-02-18T03:28:00
E003162,C000381,P00436,cart,2024-02-18T03:39:00
E002356,C000651,P00343,view,2024-02-18T03:59:00
E002227,C000556,P00277,cart,2024-02-18T04:25:00
E005172,C000400,P00435,view,2024-02-18T04:37:00
E001509,C000548,P00169,view,2024-02-18T04:44:00
E003826,C000391,P00492,purchase,2024-02-18T05:07:00
E001821,C000511,P00225,view,2024-02-18T05:30:00
E002646,C000014,P00039,view,2024-02-18T06:31:00
E001292,C000361,P00099,cart,2024-02-18T06:33:00
E004421,C000068,P00084,view,2024-02-18T06:38:00
E001234,C000315,P00185,view,2024-02-18T06:43:00
E001494,C000046,P00179,cart,2024-02-18T07:10:00
E003563,C000262,P00008,purchase,2024-02-18T07:12:00
E004021,C000260,P00402,purchase,2024-02-18T07:58:00
E003270,C000781,P00477,view,2024-02-18T08:00:00
E005647,C000537,P00056,purchase,2024-02-18T08:03:00
E000695,C000533,P00035,purchase,2024-02-18T10:03:00
E003494,C000502,P00094,cart,2024-02-18T10:31:00
E000885,C000424,P00268,view,2024-02-18T10:31:00
E004967,C000444,P00199,view,2024-02-18T10:50:00
E004940,C000781,P00404,view,2024-02-18T11:09:00
E001901,C000338,P00119,purchase,2024-02-18T11:13:00
E005003,C000600,P00180,purchase,2024-02-18T11:20:00
E002928,C000005,P00158,view,2024-02-18T12:25:00
E004805,C000188,P00102,view,2024-02-18T13:05:00
E004130,C000387,P00087,view,2024-02-18T13:24:00
E002580,C000276,P00164,view,2024-02-18T14:04:00
E003726,C000288,P00008,cart,2024-02-18T14:06:00
E004043,C000580,P00098,purchase,2024-02-18T14:37:00
E001542,C000530,P00025,cart,2024-02-18T14:49:00
E000540,C000097,P00414,view,2024-02-18T15:06:00
E000249,C000792,P00104,view,2024-02-18T16:27:00
E002578,C000349,P00075,view,2024-02-18T16:39:00
E004084,C000473,P00261,view,2024-02-18T16:56:00
E001617,C000694,P00380,purchase,2024-02-18T16:56:00
E002448,C000398,P00186,view,2024-02-18T17:02:00
E004944,C000630,P00335,purchase,2024-02-18T17:27:00
E001562,C000403,P00330,purchase,2024-02-18T17:37:00
E002996,C000098,P00099,view,2024-02-18T17:40:00
E005803,C000760,P00365,cart,2024-02-18T18:43:00
E003352,C000465,P00007,purchase,2024-02-18T19:11:00
E002586,C000505,P00008,view,2024-02-18T20:34:00
E001233,C000416,P00176,view,2024-02-18T20:42:00
E005245,C000071,P00401,purchase,2024-02-18T20:43:00
E004507,C000127,P00206,view,2024-02-18T20:56:00
E001078,C000188,P00379,view,2024-02-18T21:32:00
E005532,C000115,P00276,view,2024-02-18T21:49:00
E004027,C000591,P00185,view,2024-02-18T22:03:00
E005899,C000273,P00138,view,2024-02-18T22:24:00
E000126,C000151,P00043,view,2024-02-18T23:13:00
E001685,C000590,P00312,view,2024-02-18T23:48:00
E003446,C000686,P00273,view,2024-02-18T23:57:00
E005940,C000297,P00315,view,2024-02-19T00:47:00
E002750,C000545,P00077,cart,2024-02-19T00:57:00
E005014,C000354,P00294,view,2024-02-19T01:06:00
E000669,C000047,P00443,view,2024-02-19T01:34:00
E004372,C000716,P00158,view,2024-02-19T03:11:00
E001832,C000282,P00372,purchase,2024-02-19T03:45:00
E005178,C000196,P00373,view,2024-02-19T04:02:00
E002114,C000207,P00352,view,2024-02-19T04:04:00
E000811,C000579,P00284,purchase,2024-02-19T04:24:00
E002773,C000302,P00140,view,2024-02-19T04:39:00
E005799,C000115,P00267,view,2024-02-19T05:11:00
E000981,C000613,P00279,cart,2024-02-19T05:39:00
E003230,C000501,P00446,view,2024-02-19T05:48:00
E002430,C000528,P00443,purchase,2024-02-19T06:08:00
E003457,C000580,P00235,purchase,2024-02-19T06:38:00
E005256,C000179,P00314,view,2024-02-19T08:14:00
E002002,C000567,P00283,view,2024-02-19T08:20:00
E001971,C000601,P00404,cart,2024-02-19T08:28:00
E004745,C000108,P00105,view,2024-02-19T08:47:00
E003827,C000314,P00189,view,2024-02-19T09:19:00
E001961,C000304,P00260,cart,2024-02-19T09:21:00
E002177,C000084,P00484,view,2024-02-19T09:33:00
E001395,C000162,P00085,cart,2024-02-19T09:44:00
E005196,C000632,P00144,view,2024-02-19T10:13:00
E002254,C000286,P00268,view,2024-02-19T11:28:00
E003190,C000133,P00116,view,2024-02-19T11:57:00
E002466,C000195,P00295,view,2024-02-19T12:07:00
E004296,C000543,P00445,cart,2024-02-19T12:18:00
E000859,C000466,P00167,cart,2024-02-19T12:43:00
E002281,C000597,P00280,view,2024-02-19T13:00:00
E004815,C000019,P00084,view,2024-02-19T13:55:00
E001262,C000501,P00010,purchase,2024-02-19T14:04:00
E002919,C000314,P00448,view,2024-02-19T14:07:00
E004046,C000035,P00079,view,2024-02-19T15:03:00
E004859,C000549,P00325,view,2024-02-19T15:08:00
E000389,C000103,P00139,cart,2024-02-19T15:16:00
E000559,C000454,P00032,view,2024-02-19T15:22:00
E003114,C000229,P00195,view,2024-02-19T15:23:00
E003475,C000201,P00443,view,2024-02-19T16:18:00
E004590,C000533,P00343,purchase,2024-02-19T16:19:00
E003355,C000548,P00264,view,2024-02-19T17:41:00
E002806,C000602,P00198,view,2024-02-19T18:09:00
E005783,C000624,P00011,view,2024-02-19T18:10:00
E002640,C000759,P00025,view,2024-02-19T18:11:00
E005357,C000515,P00200,view,2024-02-19T18:27:00
E000589,C000034,P00380,view,2024-02-19T18:40:00
E004177,C000166,P00386,cart,2024-02-19T19:53:00
E005668,C000267,P00091,view,2024-02-19T20:13:00
E001903,C000582,P00347,view,2024-02-19T21:33:00
E000550,C000165,P00413,view,2024-02-19T21:46:00
E005662,C000678,P00485,cart,2024-02-19T21:47:00
E005120,C000695,P00062,cart,2024-02-19T21:49:00
E004006,C000600,P00099,view,2024-02-19T22:06:00
E003761,C000274,P00243,cart,2024-02-19T23:01:00
E003112,C000665,P00223,view,2024-02-19T23:11:00
E004648,C000194,P00215,view,2024-02-20T00:11:00
E004227,C000270,P00266,view,2024-02-20T00:52:00
E004762,C000240,P00272,view,2024-02-20T00:57:00
E003933,C000629,P00457,cart,2024-02-20T01:20:00
E001852,C000391,P00404,view,2024-02-20T01:45:00
E005002,C000045,P00303,view,2024-02-20T01:55:00
E005776,C000033,P00254,view,2024-02-20T02:09:00
E000171,C000386,P00407,view,2024-02-20T02:29:00
E000997,C000622,P00431,view,2024-02-20T02:34:00
E001164,C000020,P00079,purchase,2024-02-20T03:00:00
E002575,C000592,P00423,view,2024-02-20T03:20:00
E000901,C000238,P00387,view,2024-02-20T07:31:00
E005301,C000294,P00068,view,2024-02-20T07:33:00
E000409,C000278,P00478,view,2024-02-20T08:05:00
E000007,C000549,P00188,view,2024-02-20T08:50:00
E004328,C000579,P00129,cart,2024-02-20T09:00:00
E003256,C000451,P00069,view,2024-02-20T10:06:00
E001087,C000121,P00223,view,2024-02-20T10:46:00
E003111,C000175,P00012,purchase,2024-02-20T10:56:00
E003248,C000337,P00395,view,2024-02-20T11:15:00
E005159,C000218,P00419,cart,2024-02-20T11:35:00
E004051,C000545,P00091,view,2024-02-20T11:44:00
E001085,C000504,P00160,purchase,2024-02-20T11:56:00
E005631,C000327,P00068,purchase,2024-02-20T14:28:00
E003843,C000542,P00006,view,2024-02-20T14:36:00
E001578,C000444,P00217,cart,2024-02-20T14:52:00
E001269,C000647,P00485,view,2024-02-20T17:23:00
E001689,C000465,P00166,view,2024-02-20T17:47:00
E000169,C000189,P00178,purchase,2024-02-20T18:29:00
E005367,C000675,P00090,purchase,2024-02-20T19:09:00
E004763,C000310,P00125,view,2024-02-20T19:58:00
E001786,C000544,P00445,view,2024-02-20T20:10:00
E004251,C000715,P00188,view,2024-02-20T20:16:00
E002327,C000165,P00250,view,2024-02-20T20:38:00
E003038,C000320,P00283,view,2024-02-20T22:00:00
E002464,C000785,P00001,view,2024-02-20T22:26:00
E001489,C000155,P00123,view,2024-02-20T22:59:00
E001930,C000178,P00135,view,2024-02-20T23:08:00
E001526,C000256,P00012,view,2024-02-20T23:17:00
E001443,C000320,P00105,view,2024-02-20T23:31:00
E005592,C000452,P00318,purchase,2024-02-21T00:27:00
E000426,C000405,P00181,view,2024-02-21T00:31:00
E005201,C000289,P00285,view,2024-02-21T00:57:00
E002218,C000465,P00456,purchase,2024-02-21T01:13:00
E003249,C000039,P00475,view,2024-02-21T02:11:00
E005304,C000784,P00042,view,2024-02-21T04:03:00
E005001,C000501,P00212,view,2024-02-21T04:41:00
E005330,C000443,P00475,view,2024-02-21T05:24:00
E001612,C000010,P00085,cart,2024-02-21T05:33:00
E005331,C000347,P00007,purchase,2024-02-21T06:12:00
E001835,C000214,P00454,view,2024-02-21T07:00:00
E005695,C000656,P00137,cart,2024-02-21T08:11:00
E000142,C000579,P00327,purchase,2024-02-21T08:32:00
E003755,C000657,P00091,cart,2024-02-21T08:42:00
E004739,C000174,P00034,view,2024-02-21T08:53:00
E000987,C000535,P00019,purchase,2024-02-21T09:04:00
E003645,C000691,P00011,cart,2024-02-21T09:12:00
E005897,C000297,P00169,view,2024-02-21T11:35:00
E001986,C000380,P00410,cart,2024-02-21T11:43:00
E002170,C000777,P00012,view,2024-02-21T12:22:00
E003032,C000286,P00000,view,2024-02-21T12:33:00
E003941,C000609,P00283,purchase,2024-02-21T13:02:00
E003311,C000568,P00425,view,2024-02-21T14:12:00
E001944,C000184,P00032,view,2024-02-21T14:35:00
E001904,C000306,P00162,view,2024-02-21T14:44:00
E004971,C000761,P00097,cart,2024-02-21T14:46:00
E002346,C000569,P00412,view,2024-02-21T15:14:00
E005605,C000489,P00171,view,2024-02-21T15:41:00
E000726,C000441,P00096,view,2024-02-21T16:08:00
E000229,C000146,P00170,cart,2024-02-21T16:13:00
E003955,C000369,P00063,cart,2024-02-21T16:29:00
E005191,C000696,P00383,view,2024-02-21T16:31:00
E003559,C000030,P00349,purchase,2024-02-21T17:00:00
E002019,C000409,P00477,view,2024-02-21T17:01:00
E005850,C000172,P00491,view,2024-02-21T18:49:00
E004596,C000444,P00231,view,2024-02-21T19:09:00
E003560,C000414,P00399,view,2024-02-21T20:05:00
E004243,C000611,P00142,view,2024-02-21T20:52:00
E005261,C000079,P00273,view,2024-02-21T21:05:00
E000217,C000524,P00499,cart,2024-02-21T21:59:00
E005543,C000726,P00251,view,2024-02-21T22:46:00
E003322,C000246,P00451,cart,2024-02-21T23:40:00
E001216,C000718,P00105,cart,2024-02-21T23:47:00
E002209,C000133,P00040,view,2024-02-22T02:05:00
E001887,C000152,P00475,cart,2024-02-22T04:04:00
E003542,C000030,P00334,view,2024-02-22T04:26:00
E004180,C000205,P00464,purchase,2024-02-22T04:37:00
E002793,C000556,P00386,view,2024-02-22T04:52:00
E000755,C000492,P00388,view,2024-02-22T05:38:00
E003736,C000076,P00108,purchase,2024-02-22T07:44:00
E000263,C000034,P00330,view,2024-02-22T09:04:00
E005023,C000432,P00410,view,2024-02-22T09:23:00
E000878,C000331,P00283,view,2024-02-22T09:27:00
E000268,C000675,P00353,cart,2024-02-22T09:35:00
E003258,C000289,P00164,cart,2024-02-22T09:48:00
E002031,C000548,P00144,cart,2024-02-22T10:12:00
E002373,C000281,P00468,cart,2024-02-22T10:32:00
E000523,C000517,P00000,purchase,2024-02-22T10:47:00
E005743,C000601,P00144,view,2024-02-22T11:02:00
E003127,C000115,P00405,view,2024-02-22T11:21:00
E005819,C000020,P00324,purchase,2024-02-22T11:31:00
E005568,C000371,P00408,view,2024-02-22T11:52:00
E000499,C000724,P00383,cart,2024-02-22T11:54:00
E004253,C000459,P00323,view,2024-02-22T11:56:00
E003215,C000325,P00165,cart,2024-02-22T11:57:00
E000694,C000511,P00228,view,2024-02-22T11:57:00
E002220,C000095,P00486,view,2024-02-22T12:07:00
E004835,C000037,P00259,view,2024-02-22T12:42:00
E003169,C000735,P00153,purchase,2024-02-22T14:06:00
E004452,C000062,P00442,cart,2024-02-22T14:27:00
E000474,C000474,P00070,view,2024-02-22T15:29:00
E002148,C000583,P00482,cart,2024-02-22T15:58:00
E002705,C000214,P00395,view,2024-02-22T15:59:00
E005420,C000544,P00010,view,2024-02-22T16:53:00
E000078,C000616,P00037,view,2024-02-22T17:30:00
E001597,C000706,P00032,view,2024-02-22T18:28:00
E003593,C000206,P00456,view,2024-02-22T18:41:00
E003282,C000178,P00249,cart,2024-02-22T19:08:00
E004116,C000415,P00071,view,2024-02-22T19:09:00
E000839,C000095,P00203,view,2024-02-22T19:22:00
E003609,C000619,P00422,view,2024-02-22T19:41:00
E005005,C000584,P00271,view,2024-02-22T20:19:00
E002900,C000778,P00100,purchase,2024-02-22T20:24:00
E002903,C000686,P00242,view,2024-02-22T20:56:00
E005254,C000048,P00062,cart,2024-02-22T21:19:00
E001339,C000664,P00126,cart,2024-02-22T23:43:00
E002005,C000560,P00074,view,2024-02-23T00:17:00
E005667,C000144,P00059,cart,2024-02-23T00:19:00
E002036,C000230,P00207,view,2024-02-23T00:35:00
E002835,C000008,P00220,cart,2024-02-23T00:43:00
E001798,C000572,P00016,view,2024-02-23T01:32:00
E004017,C000333,P00104,view,2024-02-23T01:37:00
E002751,C000656,P00438,view,2024-02-23T01:46:00
E005200,C000396,P00170,view,2024-02-23T02:21:00
E000073,C000743,P00098,view,2024-02-23T03:52:00
E000037,C000610,P00221,view,2024-02-23T06:19:00
E003330,C000334,P00075,cart,2024-02-23T06:44:00
E001664,C000321,P00097,cart,2024-02-23T06:57:00
E001473,C000438,P00146,cart,2024-02-23T07:22:00
E004093,C000057,P00422,cart,2024-02-23T08:12:00
E000110,C000659,P00147,view,2024-02-23T08:18:00
E003942,C000297,P00186,view,2024-02-23T08:29:00
E005057,C000169,P00256,view,2024-02-23T08:39:00
E003080,C000711,P00179,cart,2024-02-23T08:59:00
E005751,C000789,P00053,view,2024-02-23T09:07:00
E000434,C000038,P00200,cart,2024-02-23T09:24:00
E003367,C000399,P00320,view,2024-02-23T10:41:00
E003539,C000281,P00243,purchase,2024-02-23T11:10:00
E003731,C000766,P00443,cart,2024-02-23T11:50:00
E003514,C000602,P00144,view,2024-02-23T11:56:00
E005064,C000213,P00112,view,2024-02-23T12:23:00
E001242,C000604,P00428,view,2024-02-23T12:46:00
E002123,C000785,P00218,view,2024-02-23T13:35:00
E002846,C000295,P00098,view,2024-02-23T13:39:00
E005219,C000569,P00281,purchase,2024-02-23T14:16:00
E002410,C000236,P00046,cart,2024-02-23T14:31:00
E000834,C000604,P00348,purchase,2024-02-23T14:36:00
E001682,C000374,P00016,view,2024-02-23T14:42:00
E000623,C000292,P00120,cart,2024-02-23T15:47:00
E003135,C000664,P00461,cart,2024-02-23T16:07:00
E003643,C000554,P00450,purchase,2024-02-23T16:12:00
E001781,C000034,P00188,view,2024-02-23T16:12:00
E003276,C000648,P00388,cart,2024-02-23T16:29:00
E001844,C000585,P00416,purchase,2024-02-23T17:52:00
E004225,C000285,P00308,view,2024-02-23T18:12:00
E005728,C000783,P00063,purchase,2024-02-23T18:32:00
E003647,C000245,P00089,view,2024-02-23T18:43:00
E000775,C000510,P00163,purchase,2024-02-23T20:07:00
E002510,C000333,P00311,view,2024-02-23T20:42:00
E000982,C000682,P00392,view,2024-02-23T23:04:00
E005158,C000257,P00400,view,2024-02-24T00:05:00
E003673,C000751,P00158,view,2024-02-24T00:27:00
E000057,C000499,P00182,view,2024-02-24T00:32:00
E001669,C000291,P00450,view,2024-02-24T01:02:00
E002521,C000042,P00005,view,2024-02-24T01:20:00
E005027,C000731,P00146,view,2024-02-24T02:23:00
E000109,C000693,P00402,view,2024-02-24T02:44:00
E004241,C000381,P00161,view,2024-02-24T03:29:00
E000725,C000437,P00370,view,2024-02-24T03:52:00
E001695,C000209,P00348,cart,2024-02-24T04:11:00
E001647,C000559,P00458,view,2024-02-24T04:25:00
E005829,C000081,P00183,view,2024-02-24T04:39:00
E004743,C000322,P00453,cart,2024-02-24T05:29:00
E005665,C000370,P00373,view,2024-02-24T06:02:00
E000433,C000412,P00268,cart,2024-02-24T06:33:00
E000295,C000178,P00001,view,2024-02-24T07:44:00
E003224,C000509,P00323,view,2024-02-24T07:45:00
E003075,C000779,P00374,purchase,2024-02-24T08:50:00
E001222,C000332,P00239,view,2024-02-24T08:54:00
E001399,C000396,P00067,view,2024-02-24T09:07:00
E000561,C000728,P00055,view,2024-02-24T09:19:00
E001283,C000273,P00377,view,2024-02-24T09:19:00
E001585,C000706,P00208,purchase,2024-02-24T09:19:00
E001910,C000692,P00207,cart,2024-02-24T09:26:00
E002189,C000204,P00051,view,2024-02-24T10:09:00
E001656,C000417,P00094,view,2024-02-24T10:15:00
E000580,C000093,P00048,view,2024-02-24T11:18:00
E005072,C000573,P00194,purchase,2024-02-24T12:01:00
E004718,C000092,P00285,view,2024-02-24T13:27:00
E004710,C000113,P00288,view,2024-02-24T13:45:00
E001088,C000358,P00290,view,2024-02-24T15:43:00
E000661,C000489,P00482,cart,2024-02-24T15:52:00
E005375,C000109,P00063,view,2024-02-24T16:25:00
E005478,C000699,P00180,view,2024-02-24T17:02:00
E001729,C000155,P00230,cart,2024-02-24T17:20:00
E005155,C000076,P00416,purchase,2024-02-24T17:50:00
E005080,C000009,P00363,view,2024-02-24T17:58:00
E004309,C000380,P00296,purchase,2024-02-24T18:21:00
E001677,C000153,P00119,cart,2024-02-24T18:21:00
E001265,C000430,P00094,view,2024-02-24T18:25:00
E003266,C000706,P00387,view,2024-02-24T18:29:00
E005956,C000395,P00173,view,2024-02-24T18:43:00
E002076,C000184,P00399,cart,2024-02-24T18:53:00
E001124,C000247,P00062,purchase,2024-02-24T20:13:00
E005493,C000611,P00318,view,2024-02-24T20:42:00
E004492,C000670,P00166,view,2024-02-24T20:43:00
E001874,C000398,P00481,view,2024-02-24T20:54:00
E002178,C000012,P00385,view,2024-02-24T20:55:00
E005377,C000218,P00363,view,2024-02-24T22:10:00
E004364,C000172,P00457,view,2024-02-24T22:11:00
E005189,C000268,P00187,purchase,2024-02-24T22:45:00
E003211,C000753,P00090,purchase,2024-02-24T23:10:00
E002888,C000147,P00211,cart,2024-02-24T23:18:00
E000536,C000404,P00301,purchase,2024-02-24T23:33:00
E002349,C000721,P00099,cart,2024-02-25T00:36:00
E004352,C000084,P00209,view,2024-02-25T00:37:00
E001279,C000660,P00072,cart,2024-02-25T01:05:00
E005166,C000274,P00041,view,2024-02-25T02:35:00
E004277,C000657,P00369,view,2024-02-25T03:59:00
E005969,C000459,P00245,view,2024-02-25T04:20:00
E002512,C000666,P00380,purchase,2024-02-25T04:50:00
E000335,C000055,P00462,view,2024-02-25T08:15:00
E004741,C000023,P00022,view,2024-02-25T08:27:00
E000190,C000463,P00154,view,2024-02-25T08:51:00
E004733,C000064,P00399,view,2024-02-25T08:53:00
E000248,C000285,P00065,view,2024-02-25T08:53:00
E004962,C000315,P00324,view,2024-02-25T09:48:00
E001010,C000358,P00178,purchase,2024-02-25T09:53:00
E001297,C000327,P00179,view,2024-02-25T10:11:00
E002803,C000247,P00167,view,2024-02-25T10:35:00
E002492,C000252,P00254,view,2024-02-25T10:46:00
E004871,C000023,P00312,cart,2024-02-25T11:56:00
E004558,C000743,P00391,purchase,2024-02-25T12:40:00
E002268,C000763,P00208,view,2024-02-25T13:09:00
E002411,C000485,P00139,view,2024-02-25T13:20:00
E003058,C000036,P00271,view,2024-02-25T14:19:00
E004922,C000619,P00068,view,2024-02-25T14:25:00
E001076,C000296,P00182,cart,2024-02-25T14:50:00
E002711,C000554,P00155,cart,2024-02-25T15:39:00
E000539,C000304,P00485,cart,2024-02-25T15:44:00
E003048,C000500,P00230,view,2024-02-25T15:50:00
E000449,C000055,P00182,view,2024-02-25T16:24:00
E004892,C000267,P00194,view,2024-02-25T16:51:00
E005519,C000792,P00016,cart,2024-02-25T17:21:00
E002192,C000737,P00201,view,2024-02-25T17:21:00
E003797,C000464,P00274,view,2024-02-25T17:30:00
E003744,C000049,P00383,purchase,2024-02-25T17:31:00
E000709,C000778,P00465,view,2024-02-25T17:34:00
E001182,C000614,P00218,view,2024-02-25T19:54:00
E000836,C000773,P00187,view,2024-02-25T19:56:00
E004131,C000660,P00128,purchase,2024-02-25T20:02:00
E001377,C000480,P00460,purchase,2024-02-25T20:39:00
E005454,C000305,P00155,cart,2024-02-25T20:48:00
E001948,C000123,P00457,view,2024-02-25T21:04:00
E003151,C000359,P00298,view,2024-02-25T21:17:00
E004995,C000502,P00289,view,2024-02-25T23:31:00
E002014,C000113,P00357,view,2024-02-25T23:58:00
E002018,C000241,P00483,view,2024-02-26T00:26:00
E003692,C000268,P00218,view,2024-02-26T00:32:00
E005863,C000230,P00283,view,2024-02-26T01:47:00
E001932,C000473,P00129,view,2024-02-26T01:55:00
E000485,C000549,P00125,view,2024-02-26T02:31:00
E004418,C000041,P00083,cart,2024-02-26T02:34:00
E004450,C000573,P00496,view,2024-02-26T02:36:00
E001241,C000635,P00305,view,2024-02-26T03:20:00
E004715,C000702,P00466,view,2024-02-26T03:58:00
E004009,C000154,P00244,view,2024-02-26T04:07:00
E005353,C000698,P00217,purchase,2024-02-26T04:52:00
E005452,C000075,P00305,view,2024-02-26T06:06:00
E002247,C000207,P00415,view,2024-02-26T06:53:00
E000729,C000101,P00332,purchase,2024-02-26T07:50:00
E005020,C000625,P00329,view,2024-02-26T08:11:00
E000594,C000203,P00481,purchase,2024-02-26T08:41:00
E005677,C000003,P00252,purchase,2024-02-26T09:04:00
E000548,C000651,P00129,view,2024-02-26T09:05:00
E003269,C000651,P00263,view,2024-02-26T09:07:00
E004444,C000713,P00420,cart,2024-02-26T09:08:00
E000074,C000203,P00265,view,2024-02-26T09:27:00
E001867,C000481,P00151,view,2024-02-26T09:33:00
E004729,C000537,P00414,view,2024-02-26T10:41:00
E000011,C000755,P00151,view,2024-02-26T11:38:00
E000962,C000576,P00491,view,2024-02-26T12:06:00
E001975,C000550,P00399,view,2024-02-26T12:24:00
E003297,C000181,P00266,view,2024-02-26T12:55:00
E005903,C000555,P00381,view,2024-02-26T12:56:00
E000864,C000646,P00319,cart,2024-02-26T13:34:00
E004220,C000762,P00413,view,2024-02-26T13:56:00
E004503,C000399,P00118,purchase,2024-02-26T14:39:00
E000079,C000097,P00297,view,2024-02-26T14:45:00
E000565,C000761,P00379,view,2024-02-26T16:06:00
E001258,C000579,P00151,view,2024-02-26T16:11:00
E003391,C000712,P00036,view,2024-02-26T16:33:00
E005585,C000298,P00106,purchase,2024-02-26T17:44:00
E003629,C000666,P00413,view,2024-02-26T18:14:00
E003176,C000195,P00010,view,2024-02-26T18:16:00
E002289,C000241,P00247,view,2024-02-26T18:47:00
E002441,C000260,P00167,view,2024-02-26T18:50:00
E001070,C000560,P00476,view,2024-02-26T18:54:00
E003476,C000532,P00002,purchase,2024-02-26T19:19:00
E002730,C000159,P00257,cart,2024-02-26T19:28:00
E003742,C000066,P00416,view,2024-02-26T20:05:00
E003331,C000682,P00083,view,2024-02-26T20:53:00
E002093,C000360,P00432,cart,2024-02-26T21:14:00
E001841,C000341,P00233,purchase,2024-02-26T21:42:00
E005458,C000383,P00412,view,2024-02-26T21:52:00
E002792,C000777,P00044,purchase,2024-02-26T21:57:00
E004185,C000361,P00252,purchase,2024-02-26T22:25:00
E004408,C000315,P00082,view,2024-02-27T00:00:00
E002043,C000690,P00364,purchase,2024-02-27T00:03:00
E005915,C000657,P00251,view,2024-02-27T02:10:00
E000420,C000385,P00011,view,2024-02-27T02:19:00
E005816,C000317,P00107,view,2024-02-27T02:41:00
E003251,C000140,P00194,cart,2024-02-27T04:42:00
E005153,C000238,P00360,view,2024-02-27T05:07:00
E001936,C000510,P00387,cart,2024-02-27T05:20:00
E001187,C000709,P00134,view,2024-02-27T05:34:00
E000181,C000203,P00050,purchase,2024-02-27T06:06:00
E001543,C000284,P00381,cart,2024-02-27T06:15:00
E005296,C000398,P00100,purchase,2024-02-27T06:28:00
E001013,C000080,P00015,view,2024-02-27T07:10:00
E005586,C000411,P00063,purchase,2024-02-27T07:23:00
E000383,C000642,P00076,view,2024-02-27T07:58:00
E005040,C000172,P00216,purchase,2024-02-27T08:38:00
E005409,C000133,P00329,view,2024-02-27T08:44:00
E004776,C000379,P00278,view,2024-02-27T08:46:00
E000010,C000304,P00456,view,2024-02-27T08:47:00
E004290,C000278,P00425,view,2024-02-27T08:55:00
E002357,C000097,P00030,view,2024-02-27T10:00:00
E002098,C000063,P00135,view,2024-02-27T10:13:00
E002885,C000335,P00468,cart,2024-02-27T10:46:00
E001764,C000180,P00121,view,2024-02-27T10:53:00
E000207,C000021,P00199,cart,2024-02-27T11:34:00
E003577,C000366,P00478,view,2024-02-27T11:42:00
E005176,C000418,P00315,view,2024-02-27T12:01:00
E000177,C000387,P00453,cart,2024-02-27T12:08:00
E000939,C000348,P00438,cart,2024-02-27T12:30:00
E002082,C000065,P00080,view,2024-02-27T13:16:00
E004955,C000549,P00038,view,2024-02-27T13:22:00
E003134,C000102,P00013,view,2024-02-27T13:48:00
E003113,C000519,P00365,view,2024-02-27T14:20:00
E002276,C000655,P00435,view,2024-02-27T14:47:00
E005427,C000156,P00222,cart,2024-02-27T14:48:00
E001247,C000009,P00077,purchase,2024-02-27T14:58:00
E001871,C000056,P00027,view,2024-02-27T15:09:00
E000206,C000490,P00253,cart,2024-02-27T16:02:00
E000941,C000134,P00001,view,2024-02-27T16:47:00
E001325,C000031,P00000,view,2024-02-27T16:57:00
E002250,C000592,P00154,purchase,2024-02-27T17:02:00
E003967,C000586,P00377,purchase,2024-02-27T17:15:00
E003017,C000411,P00094,view,2024-02-27T18:32:00
E004698,C000595,P00145,view,2024-02-27T19:15:00
E003512,C000799,P00128,cart,2024-02-27T20:18:00
E002633,C000545,P00427,view,2024-02-27T21:21:00
E005797,C000450,P00462,cart,2024-02-27T22:09:00
E005078,C000482,P00394,view,2024-02-27T22:44:00
E000130,C000489,P00082,purchase,2024-02-27T23:42:00
E001250,C000364,P00339,view,2024-02-28T00:29:00
E000483,C000487,P00435,view,2024-02-28T00:31:00
E000435,C000199,P00117,view,2024-02-28T00:38:00
E005708,C000362,P00072,purchase,2024-02-28T00:42:00
E005215,C000515,P00005,cart,2024-02-28T00:57:00
E002784,C000389,P00136,view,2024-02-28T01:31:00
E001278,C000446,P00064,purchase,2024-02-28T03:46:00
E000076,C000258,P00268,purchase,2024-02-28T05:44:00
E000570,C000526,P00023,view,2024-02-28T05:48:00
E001556,C000392,P00442,cart,2024-02-28T06:01:00
E004694,C000211,P00305,purchase,2024-02-28T06:08:00
E000024,C000396,P00294,view,2024-02-28T06:44:00
E003164,C000220,P00366,view,2024-02-28T07:43:00
E000720,C000447,P00040,cart,2024-02-28T08:00:00
E003435,C000699,P00252,purchase,2024-02-28T08:09:00
E000437,C000093,P00173,purchase,2024-02-28T08:33:00
E002011,C000625,P00281,purchase,2024-02-28T08:52:00
E001310,C000022,P00342,view,2024-02-28T08:56:00
E002973,C000293,P00418,cart,2024-02-28T09:57:00
E004320,C000135,P00318,purchase,2024-02-28T10:33:00
E003001,C000599,P00208,purchase,2024-02-28T10:54:00
E000587,C000792,P00056,view,2024-02-28T11:33:00
E002822,C000570,P00020,view,2024-02-28T12:23:00
E004286,C000286,P00184,view,2024-02-28T12:54:00
E000797,C000028,P00392,view,2024-02-28T12:57:00
E003480,C000227,P00489,view,2024-02-28T14:36:00
E000620,C000177,P00074,cart,2024-02-28T14:40:00
E003389,C000206,P00441,view,2024-02-28T15:12:00
E001639,C000761,P00206,purchase,2024-02-28T15:26:00
E002443,C000182,P00043,purchase,2024-02-28T15:34:00
E000927,C000225,P00036,view,2024-02-28T16:15:00
E000749,C000631,P00451,view,2024-02-28T16:43:00
E005551,C000424,P00337,cart,2024-02-28T17:01:00
E004564,C000228,P00426,view,2024-02-28T17:06:00
E004560,C000061,P00484,cart,2024-02-28T17:45:00
E001461,C000640,P00350,view,2024-02-28T18:09:00
E004535,C000070,P00403,cart,2024-02-28T18:18:00
E004435,C000216,P00399,view,2024-02-28T18:25:00
E004317,C000546,P00427,cart,2024-02-28T20:06:00
E002319,C000257,P00241,view,2024-02-28T20:58:00
E005807,C000553,P00026,view,2024-02-28T21:35:00
E005417,C000097,P00138,view,2024-02-28T22:29:00
E000242,C000700,P00399,view,2024-02-28T22:59:00
E004621,C000203,P00232,purchase,2024-02-28T23:15:00
E004274,C000383,P00009,cart,2024-02-28T23:37:00
E005918,C000519,P00329,view,2024-02-28T23:49:00
E004356,C000412,P00253,cart,2024-02-29T00:06:00
E004659,C000294,P00180,view,2024-02-29T00:15:00
E004482,C000131,P00016,cart,2024-02-29T00:29:00
E003966,C000664,P00334,view,2024-02-29T00:35:00
E004709,C000188,P00019,purchase,2024-02-29T00:48:00
E005029,C000485,P00155,view,2024-02-29T00:48:00
E003359,C000740,P00315,view,2024-02-29T01:23:00
E002667,C000690,P00076,cart,2024-02-29T02:37:00
E003501,C000274,P00041,view,2024-02-29T02:55:00
E000633,C000403,P00481,view,2024-02-29T04:34:00
E003361,C000363,P00314,cart,2024-02-29T04:40:00
E002664,C000172,P00284,view,2024-02-29T05:47:00
E000267,C000076,P00096,view,2024-02-29T05:54:00
E005615,C000462,P00042,view,2024-02-29T06:04:00
E003752,C000450,P00331,view,2024-02-29T06:40:00
E001163,C000489,P00482,view,2024-02-29T06:42:00
E002565,C000716,P00018,view,2024-02-29T07:04:00
E004634,C000254,P00402,view,2024-02-29T07:28:00
E005297,C000021,P00333,cart,2024-02-29T08:00:00
E005306,C000787,P00209,view,2024-02-29T08:23:00
E002763,C000406,P00165,view,2024-02-29T10:23:00
E000647,C000193,P00036,view,2024-02-29T10:45:00
E003285,C000649,P00049,cart,2024-02-29T10:52:00
E003799,C000109,P00355,cart,2024-02-29T11:05:00
E004264,C000335,P00320,view,2024-02-29T11:40:00
E005867,C000322,P00203,view,2024-02-29T12:36:00
E000352,C000353,P00052,view,2024-02-29T12:36:00
E001723,C000238,P00169,cart,2024-02-29T12:43:00
E005148,C000114,P00260,view,2024-02-29T13:24:00
E003588,C000101,P00407,view,2024-02-29T14:13:00
E001847,C000627,P00211,view,2024-02-29T14:56:00
E001805,C000000,P00218,view,2024-02-29T15:18:00
E000828,C000329,P00218,view,2024-02-29T16:01:00
E004747,C000161,P00075,view,2024-02-29T16:05:00
E002503,C000439,P00312,view,2024-02-29T17:03:00
E003430,C000369,P00403,view,2024-02-29T17:25:00
E003342,C000138,P00326,view,2024-02-29T17:43:00
E004348,C000118,P00221,view,2024-02-29T17:53:00
E001139,C000364,P00247,view,2024-02-29T19:10:00
E000612,C000110,P00306,view,2024-02-29T19:21:00
E000122,C000740,P00447,view,2024-02-29T19:58:00
E001827,C000056,P00131,view,2024-02-29T20:27:00
E003962,C000279,P00194,purchase,2024-02-29T20:41:00
E005220,C000551,P00264,view,2024-02-29T21:06:00
E004013,C000229,P00160,cart,2024-02-29T21:17:00
E001862,C000249,P00098,purchase,2024-02-29T21:30:00
E005109,C000224,P00028,purchase,2024-02-29T21:33:00
E001692,C000418,P00091,cart,2024-02-29T22:12:00
E001512,C000057,P00374,view,2024-02-29T23:07:00
E002652,C000453,P00490,view,2024-02-29T23:30:00
E000345,C000377,P00171,view,2024-02-29T23:34:00
E004866,C000139,P00396,view,2024-02-29T23:35:00
E004448,C000554,P00247,view,2024-02-29T23:45:00
E001288,C000039,P00463,cart,2024-02-29T23:57:00
E004782,C000559,P00119,view,2024-02-29T23:59:00
E002205,C000699,P00049,purchase,2024-03-01T00:26:00
E001801,C000280,P00340,view,2024-03-01T00:32:00
E004847,C000276,P00074,cart,2024-03-01T00:58:00
E001572,C000223,P00337,purchase,2024-03-01T01:13:00
E000701,C000035,P00473,cart,2024-03-01T01:23:00
E003879,C000344,P00468,view,2024-03-01T01:27:00
E000065,C000705,P00167,view,2024-03-01T02:04:00
E001356,C000308,P00261,view,2024-03-01T02:32:00
E005044,C000663,P00439,cart,2024-03-01T03:48:00
E000967,C000040,P00436,cart,2024-03-01T04:18:00
E000398,C000219,P00132,cart,2024-03-01T04:40:00
E000841,C000706,P00348,cart,2024-03-01T04:50:00
E002253,C000742,P00484,purchase,2024-03-01T05:26:00
E003803,C000461,P00225,view,2024-03-01T05:28:00
E002249,C000490,P00208,view,2024-03-01T05:56:00
E004161,C000045,P00285,purchase,2024-03-01T06:03:00
E000664,C000002,P00249,view,2024-03-01T06:18:00
E004828,C000334,P00019,view,2024-03-01T06:27:00
E000796,C000253,P00308,view,2024-03-01T09:41:00
E001455,C000297,P00221,cart,2024-03-01T10:12:00
E001658,C000358,P00192,view,2024-03-01T10:14:00
E000906,C000633,P00098,view,2024-03-01T10:16:00
E003968,C000158,P00069,view,2024-03-01T10:45:00
E003345,C000523,P00070,view,2024-03-01T11:26:00
E000848,C000160,P00343,view,2024-03-01T12:36:00
E003380,C000640,P00086,view,2024-03-01T12:52:00
E002477,C000506,P00034,purchase,2024-03-01T13:26:00
E001945,C000620,P00412,cart,2024-03-01T13:32:00
E001474,C000782,P00157,view,2024-03-01T14:03:00
E005011,C000348,P00450,cart,2024-03-01T14:45:00
E003277,C000470,P00297,cart,2024-03-01T14:47:00
E000698,C000326,P00188,view,2024-03-01T15:44:00
E004059,C000183,P00289,view,2024-03-01T16:07:00
E002290,C000435,P00285,view,2024-03-01T17:20:00
E001276,C000108,P00211,view,2024-03-01T17:23:00
E000542,C000412,P00254,view,2024-03-01T17:48:00
E003908,C000626,P00140,view,2024-03-01T18:15:00
E003214,C000419,P00213,cart,2024-03-01T18:25:00
E001727,C000320,P00180,view,2024-03-01T18:44:00
E001517,C000499,P00356,view,2024-03-01T19:03:00
E004825,C000396,P00034,purchase,2024-03-01T19:25:00
E000325,C000171,P00445,purchase,2024-03-01T20:15:00
E002513,C000092,P00045,view,2024-03-01T20:21:00
E005307,C000758,P00221,purchase,2024-03-01T21:04:00
E002948,C000441,P00337,view,2024-03-01T22:26:00
E004695,C000294,P00464,view,2024-03-01T22:55:00
E002528,C000138,P00064,view,2024-03-01T23:23:00
E003443,C000572,P00389,cart,2024-03-01T23:46:00
E003244,C000220,P00062,purchase,2024-03-02T00:15:00
E004819,C000181,P00436,view,2024-03-02T00:28:00
E001760,C000692,P00060,cart,2024-03-02T00:43:00
E000704,C000006,P00381,cart,2024-03-02T01:18:00
E000396,C000711,P00489,cart,2024-03-02T01:54:00
E004677,C000381,P00299,view,2024-03-02T03:02:00
E004033,C000723,P00114,view,2024-03-02T03:02:00
E005928,C000066,P00349,view,2024-03-02T03:02:00
E000844,C000045,P00249,view,2024-03-02T03:15:00
E000615,C000115,P00490,cart,2024-03-02T03:27:00
E001398,C000152,P00136,view,2024-03-02T03:28:00
E000012,C000398,P00196,view,2024-03-02T04:20:00
E000972,C000609,P00476,view,2024-03-02T05:26:00
E003120,C000757,P00234,view,2024-03-02T05:55:00
E005945,C000383,P00093,view,2024-03-02T07:00:00
E002433,C000681,P00154,view,2024-03-02T07:36:00
E003739,C000456,P00089,purchase,2024-03-02T07:53:00
E000377,C000542,P00150,purchase,2024-03-02T08:06:00
E000820,C000139,P00451,purchase,2024-03-02T08:10:00
E003360,C000182,P00204,view,2024-03-02T08:17:00
E001530,C000045,P00187,view,2024-03-02T09:30:00
E005300,C000350,P00231,view,2024-03-02T09:55:00
E001383,C000350,P00057,view,2024-03-02T10:16:00
E005548,C000288,P00127,view,2024-03-02T10:37:00
E001563,C000338,P00036,view,2024-03-02T10:55:00
E004302,C000051,P00077,view,2024-03-02T11:24:00
E002275,C000325,P00370,view,2024-03-02T11:30:00
E002912,C000504,P00362,cart,2024-03-02T12:23:00
E003047,C000739,P00019,view,2024-03-02T12:30:00
E000260,C000495,P00018,view,2024-03-02T12:54:00
E002429,C000183,P00272,purchase,2024-03-02T13:45:00
E005257,C000533,P00028,view,2024-03-02T13:59:00
E005528,C000540,P00186,purchase,2024-03-02T14:06:00
E001048,C000331,P00180,view,2024-03-02T14:15:00
E005345,C000068,P00307,view,2024-03-02T15:03:00
E000925,C000016,P00231,view,2024-03-02T15:05:00
E003953,C000648,P00041,view,2024-03-02T15:16:00
E000056,C000323,P00368,cart,2024-03-02T15:18:00
E004386,C000417,P00229,view,2024-03-02T16:54:00
E003399,C000656,P00126,view,2024-03-02T16:56:00
E002669,C000198,P00283,view,2024-03-02T18:02:00
E001919,C000606,P00211,view,2024-03-02T18:43:00
E000956,C000400,P00415,view,2024-03-02T20:09:00
E004491,C000499,P00288,view,2024-03-02T20:33:00
E001172,C000455,P00161,view,2024-03-02T21:07:00
E004168,C000533,P00135,view,2024-03-02T21:10:00
E005740,C000295,P00172,view,2024-03-03T00:02:00
E000943,C000674,P00126,view,2024-03-03T00:04:00
E002060,C000294,P00065,cart,2024-03-03T00:27:00
E003382,C000453,P00496,view,2024-03-03T00:50:00
E002419,C000028,P00074,view,2024-03-03T00:58:00
E002501,C000488,P00455,view,2024-03-03T01:34:00
E005053,C000634,P00103,view,2024-03-03T01:39:00
E001567,C000182,P00140,view,2024-03-03T02:15:00
E005811,C000621,P00229,view,2024-03-03T02:38:00
E002830,C000778,P00040,view,2024-03-03T02:52:00
E003856,C000284,P00093,purchase,2024-03-03T03:09:00
E001940,C000659,P00231,view,2024-03-03T03:52:00
E000154,C000461,P00053,view,2024-03-03T03:53:00
E004370,C000190,P00117,view,2024-03-03T04:15:00
E000896,C000613,P00257,cart,2024-03-03T04:21:00
E000520,C000220,P00254,cart,2024-03-03T04:42:00
E005271,C000118,P00107,view,2024-03-03T05:25:00
E005467,C000522,P00448,view,2024-03-03T05:57:00
E005163,C000367,P00251,view,2024-03-03T06:26:00
E002983,C000479,P00244,view,2024-03-03T07:13:00
E005129,C000726,P00223,view,2024-03-03T08:01:00
E005411,C000152,P00445,cart,2024-03-03T08:15:00
E000234,C000288,P00259,view,2024-03-03T08:23:00
E003509,C000107,P00185,view,2024-03-03T08:37:00
E005142,C000512,P00020,purchase,2024-03-03T08:56:00
E002908,C000765,P00089,view,2024-03-03T08:59:00
E003902,C000741,P00478,view,2024-03-03T09:56:00
E002629,C000339,P00258,view,2024-03-03T11:37:00
E005384,C000071,P00071,view,2024-03-03T13:30:00
E000572,C000650,P00257,view,2024-03-03T13:31:00
E003965,C000350,P00049,view,2024-03-03T14:18:00
E004479,C000627,P00020,cart,2024-03-03T14:33:00
E002931,C000306,P00022,purchase,2024-03-03T15:40:00
E001224,C000366,P00201,cart,2024-03-03T16:02:00
E001407,C000177,P00399,view,2024-03-03T16:31:00
E005579,C000259,P00331,view,2024-03-03T17:01:00
E004594,C000270,P00095,view,2024-03-03T17:49:00
E003438,C000501,P00495,view,2024-03-03T17:58:00
E004673,C000524,P00266,view,2024-03-03T18:00:00
E002502,C000038,P00138,view,2024-03-03T18:38:00
E001842,C000589,P00319,view,2024-03-03T19:35:00
E003010,C000256,P00168,view,2024-03-03T19:50:00
E005509,C000553,P00135,cart,2024-03-03T20:18:00
E001064,C000117,P00472,cart,2024-03-03T20:38:00
E001211,C000363,P00355,view,2024-03-03T20:43:00
E001411,C000420,P00029,view,2024-03-03T21:23:00
E005629,C000584,P00163,purchase,2024-03-03T21:28:00
E003537,C000691,P00166,purchase,2024-03-03T21:41:00
E004054,C000078,P00137,view,2024-03-03T22:11:00
E005303,C000113,P00422,view,2024-03-03T22:28:00
E000581,C000032,P00349,view,2024-03-03T23:42:00
E002742,C000130,P00445,view,2024-03-04T00:27:00
E003242,C000165,P00126,view,2024-03-04T00:54:00
E002304,C000185,P00070,view,2024-03-04T01:59:00
E004886,C000790,P00359,view,2024-03-04T02:30:00
E004651,C000342,P00036,view,2024-03-04T03:02:00
E003688,C000768,P00419,view,2024-03-04T03:05:00
E000928,C000540,P00084,view,2024-03-04T03:16:00
E003109,C000685,P00361,view,2024-03-04T03:49:00
E005617,C000174,P00364,view,2024-03-04T04:17:00
E003822,C000452,P00231,view,2024-03-04T04:32:00
E004876,C000578,P00199,purchase,2024-03-04T07:13:00
E001962,C000016,P00413,view,2024-03-04T07:36:00
E000816,C000711,P00140,view,2024-03-04T07:40:00
E000213,C000776,P00344,view,2024-03-04T07:49:00
E000680,C000384,P00067,view,2024-03-04T07:55:00
E004858,C000150,P00072,view,2024-03-04T08:16:00
E004679,C000021,P00364,purchase,2024-03-04T09:09:00
E000308,C000760,P00065,cart,2024-03-04T09:37:00
E003543,C000487,P00450,view,2024-03-04T10:31:00
E004791,C000467,P00385,view,2024-03-04T10:35:00
E002242,C000509,P00412,view,2024-03-04T12:18:00
E001966,C000345,P00180,purchase,2024-03-04T12:24:00
E005678,C000493,P00152,view,2024-03-04T12:35:00
E004167,C000040,P00270,view,2024-03-04T12:35:00
E004723,C000569,P00065,view,2024-03-04T12:52:00
E003216,C000136,P00006,cart,2024-03-04T13:51:00
E005686,C000559,P00173,view,2024-03-04T14:33:00
E004804,C000078,P00491,view,2024-03-04T14:37:00
E005601,C000074,P00131,cart,2024-03-04T15:05:00
E003496,C000181,P00129,cart,2024-03-04T15:28:00
E001843,C000789,P00079,view,2024-03-04T15:44:00
E001104,C000790,P00308,cart,2024-03-04T15:48:00
E005318,C000714,P00025,cart,2024-03-04T16:10:00
E001718,C000316,P00008,purchase,2024-03-04T17:01:00
E000716,C000436,P00131,view,2024-03-04T17:16:00
E000827,C000246,P00020,cart,2024-03-04T17:18:00
E005434,C000777,P00086,view,2024-03-04T17:36:00
E002569,C000342,P00265,view,2024-03-04T18:30:00
E001389,C000044,P00498,view,2024-03-04T18:32:00
E005171,C000236,P00057,purchase,2024-03-04T19:16:00
E005696,C000761,P00294,cart,2024-03-04T19:27:00
E000899,C000484,P00106,view,2024-03-04T19:29:00
E004951,C000297,P00256,purchase,2024-03-04T20:58:00
E002539,C000743,P00072,view,2024-03-04T21:07:00
E005460,C000650,P00176,view,2024-03-04T21:08:00
E004451,C000488,P00094,view,2024-03-04T21:19:00
E004946,C000611,P00211,cart,2024-03-04T21:28:00
E004205,C000511,P00085,view,2024-03-04T21:46:00
E000937,C000028,P00028,view,2024-03-04T21:50:00
E000959,C000488,P00485,view,2024-03-04T22:13:00
E001024,C000514,P00080,view,2024-03-04T22:16:00
E002229,C000082,P00113,view,2024-03-04T22:29:00
E002040,C000524,P00365,cart,2024-03-04T22:32:00
E005922,C000108,P00227,purchase,2024-03-04T22:53:00
E003165,C000604,P00441,cart,2024-03-04T23:59:00
E003605,C000485,P00028,view,2024-03-05T00:29:00
E000385,C000703,P00250,purchase,2024-03-05T00:36:00
E001548,C000405,P00268,view,2024-03-05T01:41:00
E005782,C000629,P00037,view,2024-03-05T01:59:00
E002541,C000217,P00071,view,2024-03-05T01:59:00
E004623,C000572,P00259,purchase,2024-03-05T04:18:00
E004915,C000577,P00388,view,2024-03-05T04:33:00
E003375,C000006,P00188,view,2024-03-05T05:40:00
E001342,C000253,P00033,cart,2024-03-05T06:14:00
E001527,C000472,P00357,view,2024-03-05T06:59:00
E000646,C000488,P00110,view,2024-03-05T07:13:00
E001442,C000438,P00242,view,2024-03-05T07:48:00
E004343,C000577,P00418,view,2024-03-05T07:52:00
E003846,C000074,P00260,cart,2024-03-05T08:28:00
E000802,C000287,P00037,view,2024-03-05T08:39:00
E000099,C000573,P00113,view,2024-03-05T09:05:00
E004179,C000473,P00388,view,2024-03-05T09:41:00
E001522,C000013,P00108,view,2024-03-05T09:46:00
E002362,C000470,P00345,purchase,2024-03-05T10:01:00
E003473,C000122,P00124,cart,2024-03-05T10:14:00
E002794,C000540,P00047,view,2024-03-05T10:26:00
E004713,C000201,P00151,view,2024-03-05T12:17:00
E005810,C000108,P00345,view,2024-03-05T12:26:00
E002647,C000655,P00239,view,2024-03-05T12:36:00
E000072,C000570,P00393,purchase,2024-03-05T12:43:00
E003040,C000733,P00413,purchase,2024-03-05T13:01:00
E001391,C000777,P00392,purchase,2024-03-05T13:16:00
E003036,C000207,P00372,view,2024-03-05T14:32:00
E002490,C000293,P00278,purchase,2024-03-05T15:54:00
E004974,C000603,P00050,view,2024-03-05T16:44:00
E002223,C000063,P00162,view,2024-03-05T17:25:00
E005213,C000360,P00116,view,2024-03-05T18:13:00
E004998,C000483,P00220,view,2024-03-05T18:28:00
E003938,C000643,P00329,view,2024-03-05T19:46:00
E000692,C000321,P00440,view,2024-03-05T19:48:00
E003225,C000640,P00343,view,2024-03-05T19:56:00
E004066,C000361,P00269,purchase,2024-03-05T20:06:00
E001108,C000721,P00142,view,2024-03-05T21:08:00
E001854,C000743,P00438,view,2024-03-05T22:37:00
E000626,C000100,P00147,view,2024-03-05T23:00:00
E003344,C000469,P00146,purchase,2024-03-05T23:46:00
E001098,C000541,P00135,purchase,2024-03-06T00:39:00
E004162,C000320,P00316,cart,2024-03-06T01:27:00
E000552,C000644,P00079,view,2024-03-06T01:44:00
E005575,C000232,P00390,view,2024-03-06T02:11:00
E005321,C000381,P00194,view,2024-03-06T02:15:00
E001382,C000396,P00128,view,2024-03-06T02:29:00
E004588,C000777,P00378,purchase,2024-03-06T02:37:00
E005580,C000625,P00153,view,2024-03-06T02:57:00
E002650,C000135,P00342,view,2024-03-06T03:12:00
E000556,C000766,P00131,view,2024-03-06T04:52:00
E003871,C000639,P00351,view,2024-03-06T05:20:00
E000648,C000366,P00293,cart,2024-03-06T05:39:00
E004350,C000354,P00298,cart,2024-03-06T05:56:00
E004341,C000687,P00161,view,2024-03-06T07:55:00
E000033,C000074,P00397,purchase,2024-03-06T08:02:00
E001113,C000494,P00239,view,2024-03-06T08:03:00
E005237,C000347,P00022,cart,2024-03-06T08:36:00
E004201,C000277,P00096,view,2024-03-06T08:41:00
E005885,C000526,P00483,view,2024-03-06T09:18:00
E001201,C000247,P00182,view,2024-03-06T09:23:00
E002963,C000529,P00393,view,2024-03-06T09:29:00
E003886,C000558,P00117,view,2024-03-06T09:57:00
E000359,C000121,P00034,view,2024-03-06T10:06:00
E000084,C000507,P00290,purchase,2024-03-06T10:14:00
E002012,C000342,P00466,purchase,2024-03-06T10:25:00
E003126,C000320,P00390,purchase,2024-03-06T11:10:00
E003677,C000461,P00253,view,2024-03-06T11:46:00
E000253,C000617,P00044,cart,2024-03-06T12:41:00
E002683,C000506,P00057,view,2024-03-06T13:32:00
E004784,C000685,P00462,cart,2024-03-06T13:39:00
E001005,C000057,P00414,view,2024-03-06T13:59:00
E005741,C000751,P00232,view,2024-03-06T14:49:00
E005248,C000760,P00486,view,2024-03-06T15:47:00
E004292,C000694,P00309,view,2024-03-06T15:55:00
E002333,C000283,P00047,view,2024-03-06T16:09:00
E004036,C000637,P00403,purchase,2024-03-06T16:29:00
E000381,C000188,P00154,view,2024-03-06T16:36:00
E004089,C000479,P00416,view,2024-03-06T17:18:00
E001879,C000464,P00414,cart,2024-03-06T17:24:00
E003876,C000010,P00431,cart,2024-03-06T17:27:00
E005679,C000130,P00172,purchase,2024-03-06T18:01:00
E001094,C000684,P00438,view,2024-03-06T18:25:00
E003907,C000167,P00021,view,2024-03-06T18:59:00
E003898,C000555,P00410,view,2024-03-06T19:05:00
E002214,C000681,P00252,view,2024-03-06T19:39:00
E005787,C000060,P00100,view,2024-03-06T19:57:00
E004580,C000505,P00455,purchase,2024-03-06T20:26:00
E003497,C000742,P00080,purchase,2024-03-06T20:31:00
E002791,C000056,P00259,view,2024-03-06T20:38:00
E001701,C000039,P00435,view,2024-03-06T21:24:00
E003787,C000355,P00476,purchase,2024-03-06T21:29:00
E001479,C000398,P00163,view,2024-03-06T21:54:00
E002727,C000582,P00012,view,2024-03-06T22:58:00
E003210,C000163,P00335,view,2024-03-06T23:43:00
E000564,C000570,P00351,view,2024-03-06T23:46:00
E001114,C000173,P00006,view,2024-03-07T00:00:00
E002467,C000758,P00444,purchase,2024-03-07T00:19:00
E002796,C000355,P00108,view,2024-03-07T01:00:00
E005436,C000665,P00495,view,2024-03-07T01:08:00
E001882,C000327,P00306,view,2024-03-07T01:20:00
E003532,C000538,P00278,view,2024-03-07T01:28:00
E003406,C000537,P00052,purchase,2024-03-07T03:17:00
E004708,C000538,P00485,view,2024-03-07T03:22:00
E005961,C000280,P00242,view,2024-03-07T04:09:00
E004164,C000733,P00377,view,2024-03-07T04:15:00
E005239,C000577,P00137,view,2024-03-07T04:17:00
E000495,C000319,P00348,view,2024-03-07T05:22:00
E005572,C000770,P00369,view,2024-03-07T05:43:00
E004529,C000392,P00040,cart,2024-03-07T06:08:00
E004852,C000431,P00436,view,2024-03-07T06:14:00
E000798,C000430,P00089,view,2024-03-07T06:19:00
E004937,C000214,P00239,purchase,2024-03-07T06:46:00
E005133,C000151,P00045,view,2024-03-07T07:13:00
E005627,C000589,P00484,view,2024-03-07T07:25:00
E003868,C000354,P00181,cart,2024-03-07T07:27:00
E003392,C000231,P00424,cart,2024-03-07T07:58:00
E000532,C000661,P00299,view,2024-03-07T10:28:00
E005824,C000392,P00405,view,2024-03-07T10:49:00
E001796,C000027,P00285,view,2024-03-07T10:59:00
E001707,C000495,P00295,view,2024-03-07T11:37:00
E004158,C000141,P00095,view,2024-03-07T12:51:00
E004461,C000223,P00475,view,2024-03-07T12:53:00
E004188,C000691,P00260,view,2024-03-07T12:56:00
E002345,C000742,P00436,cart,2024-03-07T13:06:00
E003196,C000612,P00109,view,2024-03-07T14:23:00
E001782,C000710,P00318,view,2024-03-07T14:28:00
E001984,C000621,P00378,view,2024-03-07T15:35:00
E000238,C000590,P00444,view,2024-03-07T16:27:00
E003513,C000734,P00465,view,2024-03-07T16:30:00
E002425,C000154,P00470,view,2024-03-07T16:46:00
E000750,C000793,P00141,view,2024-03-07T17:06:00
E002596,C000135,P00141,view,2024-03-07T17:27:00
E004481,C000430,P00473,view,2024-03-07T17:42:00
E002694,C000062,P00439,view,2024-03-07T17:50:00
E005775,C000670,P00268,view,2024-03-07T17:56:00
E003921,C000374,P00441,cart,2024-03-07T19:19:00
E004691,C000348,P00040,cart,2024-03-07T19:24:00
E004092,C000378,P00179,view,2024-03-07T23:05:00
E000373,C000478,P00300,view,2024-03-07T23:24:00
E003188,C000397,P00409,view,2024-03-08T00:03:00
E000261,C000204,P00267,view,2024-03-08T00:12:00
E004520,C000497,P00258,view,2024-03-08T00:49:00
E002008,C000380,P00045,view,2024-03-08T01:09:00
E004686,C000331,P00439,view,2024-03-08T01:15:00
E003914,C000521,P00283,view,2024-03-08T01:33:00
E001412,C000032,P00225,view,2024-03-08T02:01:00
E004322,C000769,P00376,view,2024-03-08T03:42:00
E004399,C000644,P00074,view,2024-03-08T04:20:00
E002991,C000541,P00451,view,2024-03-08T07:02:00
E002958,C000679,P00423,view,2024-03-08T09:14:00
E002531,C000152,P00176,view,2024-03-08T09:16:00
E000503,C000266,P00162,view,2024-03-08T09:42:00
E001878,C000310,P00469,view,2024-03-08T11:10:00
E003357,C000654,P00167,view,2024-03-08T11:50:00
E002915,C000574,P00399,purchase,2024-03-08T12:07:00
E004087,C000425,P00490,view,2024-03-08T12:48:00
E005660,C000710,P00185,cart,2024-03-08T14:01:00
E002160,C000318,P00165,view,2024-03-08T14:08:00
E001028,C000474,P00345,view,2024-03-08T14:47:00
E004475,C000236,P00048,purchase,2024-03-08T15:34:00
E005302,C000339,P00385,view,2024-03-08T15:49:00
E001915,C000789,P00376,view,2024-03-08T15:55:00
E002618,C000566,P00069,view,2024-03-08T15:59:00
E004802,C000437,P00247,view,2024-03-08T16:24:00
E003396,C000366,P00316,cart,2024-03-08T17:28:00
E000172,C000363,P00433,cart,2024-03-08T18:34:00
E003918,C000074,P00202,cart,2024-03-08T19:24:00
E004323,C000075,P00449,view,2024-03-08T20:09:00
E002545,C000719,P00201,view,2024-03-08T20:33:00
E003780,C000461,P00208,cart,2024-03-08T20:38:00
E005193,C000267,P00494,cart,2024-03-08T20:55:00
E002155,C000080,P00110,cart,2024-03-08T21:06:00
E004127,C000319,P00051,view,2024-03-08T21:11:00
E002638,C000667,P00023,purchase,2024-03-08T21:12:00
E003935,C000251,P00499,view,2024-03-08T21:16:00
E005554,C000329,P00384,cart,2024-03-08T21:17:00
E002573,C000769,P00477,view,2024-03-08T21:49:00
E002491,C000333,P00482,view,2024-03-08T22:08:00
E002217,C000364,P00233,cart,2024-03-08T22:45:00
E003061,C000301,P00437,view,2024-03-08T22:46:00
E003287,C000528,P00287,purchase,2024-03-08T23:00:00
E004683,C000770,P00232,view,2024-03-08T23:04:00
E005007,C000096,P00266,view,2024-03-08T23:50:00
E000203,C000471,P00481,view,2024-03-09T00:17:00
E000461,C000477,P00123,purchase,2024-03-09T01:07:00
E005471,C000347,P00068,view,2024-03-09T01:28:00
E001973,C000317,P00023,cart,2024-03-09T02:37:00
E002698,C000234,P00295,view,2024-03-09T03:42:00
E005724,C000259,P00487,view,2024-03-09T03:47:00
E005964,C000446,P00100,view,2024-03-09T03:54:00
E003628,C000453,P00342,view,2024-03-09T04:55:00
E004375,C000268,P00206,view,2024-03-09T05:05:00
E001496,C000014,P00341,view,2024-03-09T05:10:00
E001409,C000305,P00237,cart,2024-03-09T05:27:00
E005440,C000683,P00219,cart,2024-03-09T05:41:00
E003255,C000693,P00319,view,2024-03-09T05:48:00
E000022,C000742,P00272,view,2024-03-09T05:57:00
E004476,C000160,P00293,view,2024-03-09T05:57:00
E005951,C000165,P00286,view,2024-03-09T06:10:00
E004057,C000264,P00154,view,2024-03-09T06:12:00
E004773,C000520,P00189,view,2024-03-09T06:21:00
E004652,C000421,P00099,cart,2024-03-09T06:31:00
E003722,C000436,P00217,view,2024-03-09T07:01:00
E004843,C000247,P00447,cart,2024-03-09T07:04:00
E001215,C000376,P00242,view,2024-03-09T07:13:00
E001403,C000742,P00049,view,2024-03-09T07:53:00
E000522,C000755,P00409,cart,2024-03-09T08:09:00
E004727,C000247,P00260,view,2024-03-09T08:14:00
E004233,C000579,P00463,view,2024-03-09T09:21:00
E001586,C000652,P00204,view,2024-03-09T10:08:00
E005634,C000222,P00071,view,2024-03-09T10:41:00
E001353,C000264,P00400,cart,2024-03-09T10:57:00
E005022,C000320,P00134,view,2024-03-09T11:31:00
E001456,C000322,P00442,view,2024-03-09T12:08:00
E005639,C000676,P00291,view,2024-03-09T12:09:00
E003104,C000430,P00096,view,2024-03-09T13:12:00
E004834,C000663,P00416,cart,2024-03-09T13:28:00
E000699,C000606,P00052,cart,2024-03-09T13:58:00
E005515,C000032,P00467,purchase,2024-03-09T14:15:00
E001828,C000141,P00479,view,2024-03-09T14:56:00
E002746,C000502,P00001,cart,2024-03-09T14:57:00
E002342,C000586,P00055,view,2024-03-09T15:39:00
E005549,C000129,P00443,view,2024-03-09T17:37:00
E004236,C000700,P00032,view,2024-03-09T17:41:00
E005846,C000066,P00208,view,2024-03-09T18:43:00
E001129,C000616,P00103,view,2024-03-09T19:08:00
E001755,C000700,P00381,purchase,2024-03-09T19:38:00
E004952,C000673,P00147,view,2024-03-09T19:56:00
E005769,C000797,P00275,cart,2024-03-09T21:13:00
E000284,C000385,P00007,cart,2024-03-09T21:28:00
E004638,C000730,P00359,purchase,2024-03-09T22:00:00
E001804,C000416,P00365,view,2024-03-09T22:05:00
E005230,C000335,P00464,purchase,2024-03-09T22:46:00
E003398,C000202,P00492,view,2024-03-09T23:21:00
E001370,C000619,P00445,view,2024-03-09T23:43:00
E001451,C000455,P00338,view,2024-03-10T00:30:00
E004415,C000159,P00455,view,2024-03-10T00:32:00
E004774,C000788,P00452,purchase,2024-03-10T01:23:00
E002212,C000484,P00032,purchase,2024-03-10T01:26:00
E000071,C000472,P00164,view,2024-03-10T01:55:00
E005004,C000036,P00187,view,2024-03-10T03:03:00
E004716,C000161,P00044,purchase,2024-03-10T03:11:00
E000158,C000088,P00084,view,2024-03-10T03:14:00
E005994,C000154,P00349,cart,2024-03-10T03:45:00
E002559,C000672,P00046,view,2024-03-10T04:15:00
E004069,C000282,P00487,view,2024-03-10T04:25:00
E002389,C000754,P00242,view,2024-03-10T05:12:00
E001396,C000271,P00064,cart,2024-03-10T05:42:00
E003116,C000657,P00332,view,2024-03-10T06:43:00
E003149,C000575,P00269,view,2024-03-10T07:01:00
E004155,C000442,P00233,view,2024-03-10T07:16:00
E002446,C000329,P00227,view,2024-03-10T08:22:00
E001301,C000480,P00139,purchase,2024-03-10T08:42:00
E001368,C000134,P00189,view,2024-03-10T08:43:00
E000890,C000168,P00189,view,2024-03-10T09:02:00
E004204,C000681,P00017,cart,2024-03-10T09:33:00
E002302,C000262,P00345,view,2024-03-10T10:16:00
E002271,C000702,P00328,view,2024-03-10T10:18:00
E003194,C000724,P00072,view,2024-03-10T10:27:00
E002892,C000535,P00380,view,2024-03-10T10:51:00
E001438,C000418,P00347,view,2024-03-10T11:10:00
E001924,C000503,P00209,view,2024-03-10T11:53:00
E005874,C000353,P00173,view,2024-03-10T11:59:00
E003852,C000372,P00080,view,2024-03-10T13:28:00
E000687,C000268,P00113,view,2024-03-10T14:02:00
E003153,C000137,P00364,view,2024-03-10T14:21:00
E001298,C000010,P00176,view,2024-03-10T14:38:00
E003844,C000178,P00400,view,2024-03-10T14:54:00
E005136,C000522,P00114,view,2024-03-10T15:00:00
E004272,C000590,P00067,cart,2024-03-10T16:11:00
E004740,C000191,P00172,view,2024-03-10T16:25:00
E000629,C000023,P00191,purchase,2024-03-10T16:49:00
E001245,C000085,P00131,view,2024-03-10T17:03:00
E000849,C000308,P00368,view,2024-03-10T17:10:00
E000252,C000075,P00433,view,2024-03-10T17:22:00
E002413,C000432,P00161,view,2024-03-10T17:28:00
E002553,C000283,P00362,view,2024-03-10T17:38:00
E002421,C000241,P00050,cart,2024-03-10T18:36:00
E004460,C000276,P00117,view,2024-03-10T19:39:00
E000656,C000289,P00111,purchase,2024-03-10T19:46:00
E004961,C000034,P00106,purchase,2024-03-10T20:07:00
E002240,C000479,P00265,view,2024-03-10T20:45:00
E000809,C000165,P00384,view,2024-03-10T21:08:00
E005173,C000646,P00341,view,2024-03-10T21:18:00
E002194,C000520,P00301,cart,2024-03-10T22:19:00
E001238,C000123,P00242,cart,2024-03-10T23:44:00
E001674,C000692,P00449,view,2024-03-11T00:28:00
E002323,C000712,P00097,view,2024-03-11T00:32:00
E000070,C000350,P00375,view,2024-03-11T00:38:00
E002772,C000090,P00022,cart,2024-03-11T01:15:00
E002372,C000751,P00224,view,2024-03-11T01:54:00
E003290,C000605,P00394,purchase,2024-03-11T03:19:00
E001137,C000264,P00472,view,2024-03-11T04:32:00
E002843,C000256,P00078,view,2024-03-11T05:18:00
E001303,C000346,P00078,cart,2024-03-11T05:19:00
E004295,C000306,P00410,purchase,2024-03-11T05:32:00
E003081,C000098,P00031,cart,2024-03-11T06:26:00
E005365,C000725,P00137,view,2024-03-11T07:02:00
E003915,C000700,P00237,view,2024-03-11T07:44:00
E005346,C000086,P00248,cart,2024-03-11T08:11:00
E005082,C000296,P00216,view,2024-03-11T08:12:00
E000873,C000197,P00312,view,2024-03-11T08:44:00
E001552,C000717,P00214,view,2024-03-11T09:11:00
E004132,C000398,P00331,cart,2024-03-11T10:03:00
E003861,C000267,P00216,view,2024-03-11T10:07:00
E000023,C000711,P00285,purchase,2024-03-11T10:33:00
E005760,C000461,P00244,view,2024-03-11T11:02:00
E000708,C000739,P00292,view,2024-03-11T11:15:00
E004347,C000723,P00091,view,2024-03-11T11:50:00
E004894,C000617,P00199,view,2024-03-11T12:52:00
E002106,C000624,P00468,view,2024-03-11T15:15:00
E000399,C000669,P00484,cart,2024-03-11T15:29:00
E004629,C000363,P00385,view,2024-03-11T15:51:00
E002025,C000564,P00185,view,2024-03-11T16:07:00
E003534,C000333,P00355,purchase,2024-03-11T16:18:00
E005625,C000428,P00120,view,2024-03-11T16:21:00
E000824,C000209,P00272,view,2024-03-11T16:22:00
E000344,C000313,P00407,view,2024-03-11T17:10:00
E003346,C000369,P00295,view,2024-03-11T17:19:00
E000636,C000416,P00018,view,2024-03-11T17:47:00
E004072,C000659,P00462,view,2024-03-11T18:03:00
E001749,C000653,P00437,view,2024-03-11T18:31:00
E001592,C000693,P00130,cart,2024-03-11T19:21:00
E000189,C000044,P00179,view,2024-03-11T20:05:00
E003123,C000324,P00468,view,2024-03-11T21:13:00
E004844,C000226,P00295,view,2024-03-11T22:07:00
E001305,C000475,P00143,view,2024-03-11T22:20:00
E003529,C000559,P00185,cart,2024-03-11T22:28:00
E000411,C000341,P00197,purchase,2024-03-11T22:48:00
E002299,C000232,P00141,view,2024-03-11T23:49:00
E001257,C000129,P00249,view,2024-03-12T00:02:00
E002153,C000288,P00394,view,2024-03-12T00:21:00
E003482,C000035,P00410,view,2024-03-12T00:28:00
E002708,C000783,P00295,cart,2024-03-12T00:40:00
E001641,C000220,P00043,view,2024-03-12T00:55:00
E001993,C000137,P00133,cart,2024-03-12T01:27:00
E001679,C000698,P00256,view,2024-03-12T01:45:00
E004584,C000421,P00349,cart,2024-03-12T02:01:00
E004001,C000533,P00173,view,2024-03-12T02:04:00
E003351,C000451,P00340,view,2024-03-12T02:17:00
E004938,C000135,P00343,cart,2024-03-12T02:23:00
E003156,C000002,P00213,view,2024-03-12T02:56:00
E001472,C000257,P00091,view,2024-03-12T03:31:00
E005965,C000174,P00292,cart,2024-03-12T03:34:00
E002145,C000065,P00473,cart,2024-03-12T05:34:00
E005394,C000457,P00370,cart,2024-03-12T05:38:00
E003610,C000304,P00339,view,2024-03-12T06:01:00
E005802,C000133,P00417,view,2024-03-12T06:10:00
E001086,C000252,P00416,purchase,2024-03-12T06:29:00
E003434,C000725,P00244,purchase,2024-03-12T07:15:00
E000226,C000321,P00380,view,2024-03-12T07:36:00
E005244,C000747,P00382,view,2024-03-12T08:09:00
E005607,C000742,P00392,view,2024-03-12T08:53:00
E002884,C000617,P00105,view,2024-03-12T10:54:00
E004932,C000328,P00118,view,2024-03-12T10:58:00
E005726,C000558,P00027,cart,2024-03-12T11:30:00
E004750,C000553,P00209,purchase,2024-03-12T12:34:00
E001418,C000178,P00276,view,2024-03-12T12:37:00
E000327,C000414,P00488,view,2024-03-12T12:42:00
E004597,C000593,P00387,view,2024-03-12T13:03:00
E003724,C000495,P00386,view,2024-03-12T13:08:00
E002479,C000749,P00498,view,2024-03-12T13:12:00
E003379,C000314,P00270,view,2024-03-12T13:45:00
E000176,C000672,P00160,cart,2024-03-12T14:04:00
E003695,C000100,P00436,view,2024-03-12T14:40:00
E005991,C000008,P00074,view,2024-03-12T14:47:00
E001549,C000111,P00038,cart,2024-03-12T15:42:00
E005299,C000663,P00418,view,2024-03-12T16:46:00
E003521,C000702,P00399,view,2024-03-12T17:16:00
E005510,C000752,P00387,cart,2024-03-12T17:28:00
E002470,C000401,P00143,view,2024-03-12T17:28:00
E002021,C000467,P00000,view,2024-03-12T17:52:00
E005632,C000712,P00162,purchase,2024-03-12T17:57:00
E004149,C000759,P00267,view,2024-03-12T18:01:00
E001922,C000641,P00001,view,2024-03-12T18:25:00
E000264,C000744,P00422,view,2024-03-12T18:47:00
E005939,C000097,P00356,view,2024-03-12T19:00:00
E002134,C000625,P00126,view,2024-03-12T19:16:00
E001243,C000225,P00246,view,2024-03-12T19:31:00
E001478,C000024,P00237,view,2024-03-12T19:43:00
E001430,C000395,P00105,view,2024-03-12T19:51:00
E005841,C000565,P00452,view,2024-03-12T19:58:00
E004793,C000572,P00367,view,2024-03-12T20:00:00
E005075,C000357,P00290,cart,2024-03-12T20:22:00
E001248,C000140,P00345,view,2024-03-12T20:24:00
E001144,C000076,P00046,view,2024-03-12T20:33:00
E003264,C000101,P00234,view,2024-03-12T20:50:00
E003860,C000797,P00223,cart,2024-03-12T20:57:00
E005322,C000298,P00112,view,2024-03-12T21:02:00
E003386,C000251,P00155,view,2024-03-12T21:11:00
E003814,C000304,P00467,view,2024-03-12T23:14:00
E005380,C000723,P00462,purchase,2024-03-12T23:33:00
E003769,C000577,P00298,purchase,2024-03-12T23:45:00
E005049,C000468,P00157,cart,2024-03-13T00:11:00
E002820,C000497,P00416,view,2024-03-13T01:15:00
E004007,C000542,P00439,view,2024-03-13T01:28:00
E000188,C000499,P00497,view,2024-03-13T01:38:00
E002057,C000706,P00008,view,2024-03-13T01:54:00
E002119,C000703,P00246,view,2024-03-13T02:22:00
E001560,C000235,P00264,view,2024-03-13T03:17:00
E001031,C000207,P00428,purchase,2024-03-13T03:35:00
E004914,C000445,P00092,view,2024-03-13T04:49:00
E000048,C000260,P00267,cart,2024-03-13T05:02:00
E002834,C000137,P00151,cart,2024-03-13T05:34:00
E002969,C000494,P00283,purchase,2024-03-13T05:39:00
E001795,C000456,P00230,purchase,2024-03-13T05:51:00
E003252,C000045,P00288,purchase,2024-03-13T07:17:00
E004948,C000532,P00004,view,2024-03-13T07:31:00
E002560,C000058,P00233,view,2024-03-13T08:39:00
E002797,C000152,P00232,purchase,2024-03-13T09:06:00
E000950,C000545,P00195,view,2024-03-13T09:47:00
E005157,C000639,P00066,view,2024-03-13T10:03:00
E005385,C000086,P00215,cart,2024-03-13T10:13:00
E004194,C000028,P00035,purchase,2024-03-13T10:39:00
E003223,C000048,P00372,view,2024-03-13T10:40:00
E001378,C000235,P00353,view,2024-03-13T10:47:00
E002244,C000711,P00410,purchase,2024-03-13T11:06:00
E004856,C000710,P00353,view,2024-03-13T11:28:00
E000766,C000102,P00476,view,2024-03-13T11:44:00
E004810,C000533,P00334,view,2024-03-13T13:46:00
E002393,C000173,P00040,view,2024-03-13T14:07:00
E001622,C000675,P00026,purchase,2024-03-13T14:34:00
E001780,C000140,P00388,view,2024-03-13T15:13:00
E002856,C000127,P00259,view,2024-03-13T15:25:00
E003778,C000317,P00030,view,2024-03-13T15:36:00
E003683,C000253,P00398,view,2024-03-13T16:02:00
E002294,C000649,P00438,view,2024-03-13T16:04:00
E002133,C000152,P00291,view,2024-03-13T16:46:00
E003837,C000099,P00141,view,2024-03-13T17:23:00
E000563,C000286,P00266,view,2024-03-13T17:25:00
E000929,C000067,P00296,cart,2024-03-13T17:33:00
E004860,C000152,P00446,purchase,2024-03-13T17:55:00
E005905,C000036,P00022,cart,2024-03-13T18:11:00
E001202,C000105,P00137,view,2024-03-13T18:59:00
E000204,C000696,P00318,view,2024-03-13T19:14:00
E004737,C000228,P00190,view,2024-03-13T20:02:00
E005274,C000731,P00183,cart,2024-03-13T20:45:00
E000993,C000722,P00025,view,2024-03-13T21:14:00
E004508,C000397,P00097,view,2024-03-13T21:34:00
E005197,C000336,P00096,view,2024-03-13T22:58:00
E003468,C000045,P00257,view,2024-03-13T23:49:00
E001192,C000137,P00332,view,2024-03-14T00:37:00
E002981,C000618,P00387,view,2024-03-14T00:48:00
E001732,C000010,P00251,view,2024-03-14T01:11:00
E005035,C000504,P00241,view,2024-03-14T01:26:00
E001485,C000708,P00223,view,2024-03-14T01:41:00
E001812,C000145,P00163,view,2024-03-14T01:45:00
E003598,C000713,P00293,view,2024-03-14T01:48:00
E002945,C000501,P00044,cart,2024-03-14T02:43:00
E003707,C000219,P00041,cart,2024-03-14T03:03:00
E005067,C000774,P00488,cart,2024-03-14T03:08:00
E002233,C000519,P00468,view,2024-03-14T03:28:00
E001849,C000322,P00311,view,2024-03-14T03:44:00
E001946,C000247,P00198,view,2024-03-14T03:49:00
E004993,C000711,P00224,view,2024-03-14T04:42:00
E004941,C000654,P00124,view,2024-03-14T04:51:00
E002344,C000363,P00167,cart,2024-03-14T05:10:00
E003654,C000630,P00214,view,2024-03-14T05:29:00
E000053,C000314,P00138,cart,2024-03-14T05:44:00
E001203,C000584,P00057,view,2024-03-14T05:51:00
E002783,C000083,P00481,view,2024-03-14T05:53:00
E003334,C000606,P00179,cart,2024-03-14T06:51:00
E005785,C000177,P00367,view,2024-03-14T07:34:00
E001520,C000353,P00008,view,2024-03-14T07:47:00
E003656,C000544,P00106,cart,2024-03-14T08:18:00
E001995,C000043,P00384,view,2024-03-14T08:47:00
E001347,C000429,P00120,view,2024-03-14T09:09:00
E002829,C000785,P00077,cart,2024-03-14T09:15:00
E005234,C000389,P00160,purchase,2024-03-14T10:03:00
E005795,C000416,P00354,view,2024-03-14T10:33:00
E002403,C000412,P00074,cart,2024-03-14T11:34:00
E005540,C000356,P00240,view,2024-03-14T12:20:00
E005534,C000351,P00318,view,2024-03-14T12:27:00
E000842,C000086,P00097,view,2024-03-14T12:57:00
E003874,C000337,P00384,purchase,2024-03-14T15:03:00
E002064,C000323,P00375,cart,2024-03-14T15:19:00
E000152,C000660,P00271,view,2024-03-14T15:29:00
E000001,C000157,P00109,cart,2024-03-14T15:47:00
E005010,C000557,P00390,cart,2024-03-14T16:04:00
E003596,C000139,P00480,view,2024-03-14T17:00:00
E001459,C000274,P00049,view,2024-03-14T17:11:00
E002402,C000400,P00373,view,2024-03-14T17:40:00
E003003,C000684,P00438,view,2024-03-14T17:40:00
E002305,C000598,P00437,view,2024-03-14T17:45:00
E000288,C000000,P00415,cart,2024-03-14T17:51:00
E002006,C000029,P00358,cart,2024-03-14T18:27:00
E005339,C000534,P00384,cart,2024-03-14T18:38:00
E000200,C000783,P00234,purchase,2024-03-14T18:42:00
E000892,C000665,P00370,view,2024-03-14T19:50:00
E000297,C000307,P00362,view,2024-03-14T19:53:00
E004369,C000636,P00195,purchase,2024-03-14T21:11:00
E004148,C000783,P00475,view,2024-03-14T21:21:00
E000789,C000328,P00265,view,2024-03-14T21:29:00
E002607,C000687,P00279,view,2024-03-14T21:50:00
E003899,C000455,P00068,view,2024-03-14T22:00:00
E004446,C000291,P00101,view,2024-03-14T22:52:00
E004079,C000486,P00182,purchase,2024-03-14T23:34:00
E000955,C000652,P00165,view,2024-03-14T23:46:00
E003662,C000671,P00470,purchase,2024-03-14T23:55:00
E002658,C000221,P00265,view,2024-03-15T00:16:00
E002026,C000263,P00167,cart,2024-03-15T00:21:00
E003869,C000029,P00233,view,2024-03-15T01:19:00
E000197,C000014,P00421,view,2024-03-15T01:53:00
E002352,C000019,P00190,view,2024-03-15T02:22:00
E003901,C000327,P00355,view,2024-03-15T02:38:00
E000832,C000047,P00262,cart,2024-03-15T03:26:00
E005823,C000076,P00247,view,2024-03-15T03:35:00
E000428,C000707,P00159,view,2024-03-15T03:38:00
E005876,C000786,P00375,view,2024-03-15T03:49:00
E005139,C000638,P00292,view,2024-03-15T04:08:00
E003222,C000533,P00428,view,2024-03-15T04:45:00
E001502,C000105,P00212,view,2024-03-15T05:01:00
E000491,C000597,P00434,purchase,2024-03-15T05:08:00
E004187,C000244,P00171,purchase,2024-03-15T05:45:00
E003004,C000061,P00457,cart,2024-03-15T06:17:00
E002757,C000190,P00031,view,2024-03-15T06:46:00
E003206,C000373,P00488,view,2024-03-15T06:55:00
E005240,C000689,P00410,view,2024-03-15T09:00:00
E004711,C000103,P00390,view,2024-03-15T09:10:00
E002200,C000293,P00230,cart,2024-03-15T09:45:00
E001384,C000182,P00361,view,2024-03-15T10:17:00
E004862,C000653,P00127,view,2024-03-15T10:34:00
E003229,C000585,P00265,view,2024-03-15T11:54:00
E001324,C000188,P00157,view,2024-03-15T12:27:00
E005152,C000263,P00320,view,2024-03-15T12:38:00
E003428,C000508,P00049,cart,2024-03-15T12:47:00
E005116,C000630,P00093,view,2024-03-15T13:08:00
E003341,C000154,P00308,view,2024-03-15T13:37:00
E001836,C000033,P00052,purchase,2024-03-15T14:38:00
E002567,C000684,P00288,view,2024-03-15T14:41:00
E000858,C000717,P00097,view,2024-03-15T14:42:00
E001657,C000511,P00254,view,2024-03-15T14:43:00
E003622,C000380,P00312,view,2024-03-15T15:40:00
E000624,C000693,P00308,view,2024-03-15T15:45:00
E003133,C000291,P00488,view,2024-03-15T16:04:00
E005658,C000319,P00290,view,2024-03-15T16:32:00
E002004,C000690,P00160,cart,2024-03-15T17:01:00
E002681,C000653,P00161,purchase,2024-03-15T17:32:00
E004103,C000095,P00401,cart,2024-03-15T18:08:00
E000230,C000413,P00284,view,2024-03-15T18:28:00
E000438,C000447,P00087,view,2024-03-15T18:30:00
E003487,C000125,P00413,cart,2024-03-15T18:48:00
E002456,C000786,P00040,view,2024-03-15T19:40:00
E001564,C000364,P00120,view,2024-03-15T20:04:00
E002965,C000381,P00078,view,2024-03-15T20:16:00
E003961,C000076,P00350,view,2024-03-15T20:27:00
E000384,C000271,P00130,cart,2024-03-15T20:28:00
E003450,C000368,P00122,cart,2024-03-15T20:41:00
E000218,C000441,P00285,purchase,2024-03-15T20:43:00
E000102,C000499,P00010,cart,2024-03-15T20:43:00
E000016,C000383,P00199,purchase,2024-03-15T20:51:00
E005376,C000134,P00301,view,2024-03-15T21:04:00
E004537,C000095,P00350,view,2024-03-15T21:17:00
E000489,C000039,P00018,view,2024-03-15T21:28:00
E000140,C000536,P00346,view,2024-03-15T23:17:00
E004522,C000329,P00460,view,2024-03-15T23:20:00
E004196,C000591,P00088,purchase,2024-03-15T23:38:00
E003033,C000235,P00140,view,2024-03-15T23:56:00
E000900,C000751,P00454,cart,2024-03-16T00:12:00
E004714,C000719,P00071,view,2024-03-16T00:18:00
E001800,C000435,P00336,cart,2024-03-16T00:48:00
E001569,C000784,P00338,view,2024-03-16T01:36:00
E000616,C000629,P00490,cart,2024-03-16T01:38:00
E004068,C000654,P00156,view,2024-03-16T01:51:00
E000141,C000669,P00092,view,2024-03-16T02:17:00
E005513,C000525,P00075,view,2024-03-16T02:22:00
E000945,C000415,P00324,view,2024-03-16T04:01:00
E002052,C000005,P00381,cart,2024-03-16T04:34:00
E001672,C000200,P00237,view,2024-03-16T05:05:00
E004081,C000545,P00150,view,2024-03-16T05:28:00
E002780,C000197,P00472,view,2024-03-16T05:29:00
E005804,C000252,P00393,cart,2024-03-16T07:01:00
E004209,C000251,P00259,view,2024-03-16T07:41:00
E002536,C000593,P00400,view,2024-03-16T07:47:00
E002986,C000286,P00262,view,2024-03-16T08:10:00
E002566,C000440,P00310,view,2024-03-16T08:21:00
E001014,C000074,P00162,view,2024-03-16T10:15:00
E004820,C000333,P00328,view,2024-03-16T10:52:00
E005111,C000548,P00045,view,2024-03-16T11:22:00
E004195,C000641,P00209,purchase,2024-03-16T12:22:00
E002527,C000284,P00351,view,2024-03-16T14:09:00
E000179,C000651,P00005,view,2024-03-16T14:22:00
E003516,C000488,P00397,cart,2024-03-16T14:23:00
E005571,C000002,P00316,purchase,2024-03-16T14:27:00
E002414,C000037,P00070,view,2024-03-16T15:11:00
E004603,C000750,P00049,cart,2024-03-16T15:25:00
E000004,C000580,P00246,view,2024-03-16T15:31:00
E003768,C000133,P00289,purchase,2024-03-16T15:44:00
E001134,C000360,P00393,view,2024-03-16T16:06:00
E000401,C000685,P00283,view,2024-03-16T16:27:00
E002070,C000045,P00338,view,2024-03-16T16:44:00
E003754,C000212,P00324,view,2024-03-16T17:08:00
E003732,C000685,P00447,view,2024-03-16T17:09:00
E003019,C000011,P00424,view,2024-03-16T17:35:00
E003043,C000241,P00342,cart,2024-03-16T17:43:00
E003273,C000492,P00188,view,2024-03-16T17:50:00
E002295,C000570,P00380,view,2024-03-16T18:21:00
E003675,C000029,P00240,cart,2024-03-16T18:58:00
E000369,C000449,P00292,cart,2024-03-16T19:12:00
E003063,C000799,P00474,cart,2024-03-16T19:29:00
E002301,C000374,P00400,view,2024-03-16T19:31:00
E004449,C000503,P00238,purchase,2024-03-16T20:15:00
E004552,C000326,P00076,view,2024-03-16T21:04:00
E004445,C000009,P00498,view,2024-03-16T21:08:00
E002485,C000379,P00062,view,2024-03-16T21:13:00
E003424,C000219,P00126,purchase,2024-03-16T21:35:00
E002334,C000144,P00440,purchase,2024-03-16T21:38:00
E000101,C000204,P00489,view,2024-03-16T22:07:00
E003008,C000077,P00342,view,2024-03-16T23:17:00
E005097,C000015,P00124,view,2024-03-16T23:39:00
E001536,C000497,P00047,purchase,2024-03-17T00:03:00
E002063,C000162,P00223,cart,2024-03-17T00:07:00
E002066,C000716,P00379,purchase,2024-03-17T00:34:00
E003889,C000360,P00287,view,2024-03-17T00:40:00
E004403,C000215,P00142,view,2024-03-17T02:07:00
E001357,C000611,P00145,purchase,2024-03-17T02:13:00
E000865,C000228,P00448,cart,2024-03-17T02:23:00
E003415,C000112,P00139,view,2024-03-17T02:49:00
E002515,C000359,P00073,cart,2024-03-17T03:22:00
E003747,C000278,P00098,view,2024-03-17T03:41:00
E005756,C000342,P00120,cart,2024-03-17T03:42:00
E005283,C000078,P00041,view,2024-03-17T03:45:00
E004471,C000320,P00271,cart,2024-03-17T03:48:00
E005990,C000656,P00232,view,2024-03-17T03:56:00
E000402,C000510,P00365,purchase,2024-03-17T04:08:00
E001686,C000552,P00271,view,2024-03-17T04:18:00
E001038,C000501,P00419,view,2024-03-17T04:53:00
E001449,C000169,P00056,view,2024-03-17T05:47:00
E000365,C000123,P00043,view,2024-03-17T06:16:00
E001326,C000443,P00491,view,2024-03-17T06:56:00
E000371,C000383,P00282,view,2024-03-17T07:43:00
E001825,C000671,P00035,view,2024-03-17T07:46:00
E004519,C000693,P00157,view,2024-03-17T08:26:00
E003867,C000791,P00069,view,2024-03-17T08:27:00
E000049,C000050,P00384,view,2024-03-17T08:34:00
E005229,C000510,P00439,view,2024-03-17T08:51:00
E000410,C000308,P00197,view,2024-03-17T09:10:00
E004363,C000000,P00473,cart,2024-03-17T09:32:00
E004933,C000157,P00451,purchase,2024-03-17T10:05:00
E005840,C000334,P00272,view,2024-03-17T10:41:00
E002562,C000285,P00486,view,2024-03-17T10:51:00
E000731,C000355,P00272,view,2024-03-17T11:41:00
E005046,C000180,P00059,view,2024-03-17T11:56:00
E000597,C000048,P00416,cart,2024-03-17T12:13:00
E005232,C000043,P00119,view,2024-03-17T12:16:00
E001985,C000647,P00147,view,2024-03-17T13:29:00
E000713,C000733,P00351,purchase,2024-03-17T14:04:00
E002554,C000783,P00091,view,2024-03-17T14:59:00
E004746,C000102,P00170,purchase,2024-03-17T15:54:00
E003173,C000482,P00323,cart,2024-03-17T16:40:00
E003140,C000317,P00221,view,2024-03-17T16:47:00
E001807,C000344,P00232,view,2024-03-17T17:22:00
E001499,C000476,P00348,view,2024-03-17T17:31:00
E001994,C000149,P00422,cart,2024-03-17T17:51:00
E003257,C000212,P00064,purchase,2024-03-17T18:10:00
E003420,C000363,P00286,view,2024-03-17T18:14:00
E002159,C000121,P00185,purchase,2024-03-17T18:34:00
E005967,C000472,P00237,view,2024-03-17T18:40:00
E003608,C000764,P00172,view,2024-03-17T19:13:00
E001335,C000099,P00299,view,2024-03-17T19:20:00
E004788,C000351,P00490,view,2024-03-17T19:30:00
E004470,C000778,P00174,view,2024-03-17T20:04:00
E003417,C000438,P00434,view,2024-03-17T20:39:00
E004018,C000453,P00211,view,2024-03-17T21:58:00
E005962,C000706,P00312,view,2024-03-17T22:01:00
E002557,C000204,P00199,cart,2024-03-17T22:07:00
E004313,C000432,P00058,view,2024-03-17T22:14:00
E005038,C000292,P00021,view,2024-03-17T23:02:00
E002089,C000688,P00140,view,2024-03-17T23:37:00
E001338,C000348,P00295,purchase,2024-03-17T23:57:00
E000148,C000644,P00143,view,2024-03-18T00:31:00
E002949,C000273,P00052,view,2024-03-18T00:38:00
E002863,C000167,P00416,view,2024-03-18T00:49:00
E005226,C000138,P00060,view,2024-03-18T01:20:00
E005160,C000317,P00177,cart,2024-03-18T01:24:00
E004101,C000313,P00388,cart,2024-03-18T01:30:00
E003095,C000731,P00022,cart,2024-03-18T01:35:00
E002752,C000054,P00336,view,2024-03-18T02:53:00
E002568,C000679,P00393,purchase,2024-03-18T03:18:00
E000850,C000345,P00487,view,2024-03-18T04:09:00
E001093,C000614,P00347,view,2024-03-18T04:14:00
E005610,C000265,P00335,view,2024-03-18T04:31:00
E000034,C000373,P00188,purchase,2024-03-18T04:58:00
E000707,C000089,P00173,cart,2024-03-18T05:35:00
E005206,C000538,P00334,cart,2024-03-18T05:35:00
E004091,C000228,P00272,view,2024-03-18T06:08:00
E005648,C000761,P00364,view,2024-03-18T06:14:00
E003973,C000404,P00490,view,2024-03-18T06:35:00
E004624,C000599,P00173,cart,2024-03-18T07:03:00
E004301,C000520,P00474,view,2024-03-18T08:17:00
E000657,C000185,P00455,purchase,2024-03-18T08:23:00
E004528,C000628,P00409,purchase,2024-03-18T09:02:00
E005221,C000501,P00347,view,2024-03-18T09:22:00
E004849,C000251,P00144,view,2024-03-18T09:45:00
E001348,C000090,P00448,view,2024-03-18T11:31:00
E000470,C000770,P00300,view,2024-03-18T11:32:00
E003489,C000697,P00004,view,2024-03-18T12:01:00
E005898,C000422,P00153,view,2024-03-18T12:07:00
E004312,C000456,P00040,purchase,2024-03-18T12:51:00
E003664,C000639,P00096,purchase,2024-03-18T13:56:00
E002351,C000626,P00019,view,2024-03-18T14:05:00
E000054,C000784,P00006,view,2024-03-18T14:52:00
E003084,C000026,P00130,purchase,2024-03-18T15:07:00
E002219,C000147,P00455,view,2024-03-18T15:17:00
E000244,C000013,P00439,view,2024-03-18T15:19:00
E003735,C000746,P00232,purchase,2024-03-18T15:32:00
E003317,C000673,P00225,view,2024-03-18T16:02:00
E002902,C000538,P00440,view,2024-03-18T16:16:00
E002243,C000165,P00418,view,2024-03-18T16:26:00
E002736,C000791,P00151,purchase,2024-03-18T17:18:00
E003157,C000470,P00368,cart,2024-03-18T18:31:00
E004705,C000476,P00411,cart,2024-03-18T18:33:00
E005090,C000704,P00397,view,2024-03-18T19:29:00
E005181,C000333,P00186,view,2024-03-18T21:28:00
E004430,C000206,P00148,view,2024-03-18T22:09:00
E002814,C000311,P00400,cart,2024-03-18T22:11:00
E001576,C000636,P00451,view,2024-03-19T00:04:00
E001855,C000672,P00373,view,2024-03-19T00:23:00
E003725,C000610,P00139,view,2024-03-19T00:59:00
E002635,C000149,P00017,cart,2024-03-19T01:55:00
E000902,C000596,P00207,purchase,2024-03-19T03:11:00
E002537,C000576,P00131,view,2024-03-19T03:46:00
E002864,C000526,P00418,view,2024-03-19T05:07:00
E001763,C000422,P00162,purchase,2024-03-19T05:56:00
E005069,C000000,P00018,view,2024-03-19T06:04:00
E002378,C000358,P00278,view,2024-03-19T06:08:00
E001889,C000600,P00062,view,2024-03-19T06:40:00
E005204,C000779,P00356,view,2024-03-19T08:10:00
E005958,C000462,P00093,view,2024-03-19T08:24:00
E000334,C000782,P00214,view,2024-03-19T08:39:00
E001956,C000799,P00154,cart,2024-03-19T09:07:00
E001020,C000292,P00119,view,2024-03-19T09:25:00
E001568,C000645,P00083,view,2024-03-19T09:41:00
E003318,C000393,P00097,view,2024-03-19T10:14:00
E005712,C000567,P00343,purchase,2024-03-19T11:00:00
E000724,C000384,P00265,cart,2024-03-19T11:15:00
E004736,C000021,P00082,cart,2024-03-19T11:24:00
E003490,C000081,P00486,view,2024-03-19T11:37:00
E004223,C000737,P00159,view,2024-03-19T12:19:00
E004289,C000232,P00290,view,2024-03-19T12:30:00
E004583,C000077,P00476,view,2024-03-19T13:00:00
E005820,C000666,P00188,purchase,2024-03-19T13:09:00
E003548,C000014,P00441,view,2024-03-19T13:09:00
E004245,C000386,P00283,cart,2024-03-19T13:19:00
E001166,C000055,P00117,view,2024-03-19T13:27:00
E002251,C000605,P00145,purchase,2024-03-19T13:35:00
E000557,C000750,P00452,view,2024-03-19T13:38:00
E001700,C000798,P00269,view,2024-03-19T13:52:00
E003205,C000061,P00192,view,2024-03-19T14:37:00
E001149,C000464,P00477,view,2024-03-19T14:42:00
E004630,C000404,P00107,cart,2024-03-19T14:42:00
E000451,C000694,P00315,view,2024-03-19T14:52:00
E001212,C000239,P00434,view,2024-03-19T15:04:00
E003551,C000221,P00207,view,2024-03-19T15:20:00
E003440,C000603,P00374,view,2024-03-19T15:39:00
E005742,C000159,P00134,view,2024-03-19T15:50:00
E002330,C000031,P00462,cart,2024-03-19T16:05:00
E005921,C000167,P00379,view,2024-03-19T16:11:00
E002174,C000290,P00040,view,2024-03-19T16:34:00
E000471,C000074,P00118,purchase,2024-03-19T16:40:00
E000506,C000136,P00063,view,2024-03-19T16:52:00
E002713,C000262,P00484,view,2024-03-19T17:13:00
E000748,C000068,P00452,purchase,2024-03-19T18:40:00
E003626,C000531,P00265,cart,2024-03-19T19:36:00
E003288,C000112,P00273,view,2024-03-19T19:40:00
E005388,C000330,P00069,cart,2024-03-19T19:42:00
E002876,C000203,P00223,view,2024-03-19T19:43:00
E001518,C000279,P00306,cart,2024-03-19T21:42:00
E002201,C000782,P00042,view,2024-03-19T22:55:00
E002190,C000097,P00283,view,2024-03-19T23:02:00
E002817,C000044,P00273,view,2024-03-19T23:16:00
E005456,C000134,P00271,view,2024-03-19T23:59:00
E005613,C000494,P00229,cart,2024-03-20T00:57:00
E001060,C000037,P00384,view,2024-03-20T01:05:00
E001515,C000618,P00022,purchase,2024-03-20T01:07:00
E004144,C000482,P00419,cart,2024-03-20T01:11:00
E000527,C000396,P00104,view,2024-03-20T01:32:00
E005730,C000133,P00495,cart,2024-03-20T02:02:00
E002157,C000555,P00178,cart,2024-03-20T02:59:00
E005470,C000316,P00472,cart,2024-03-20T03:55:00
E005401,C000734,P00458,view,2024-03-20T03:56:00
E002062,C000418,P00239,view,2024-03-20T04:19:00
E004845,C000700,P00016,cart,2024-03-20T06:20:00
E005649,C000716,P00440,view,2024-03-20T07:13:00
E003106,C000323,P00017,purchase,2024-03-20T07:41:00
E001908,C000337,P00382,view,2024-03-20T08:46:00
E001598,C000273,P00346,view,2024-03-20T09:06:00
E002901,C000219,P00110,view,2024-03-20T10:03:00
E005630,C000410,P00247,cart,2024-03-20T10:36:00
E004722,C000157,P00468,view,2024-03-20T10:40:00
E000247,C000471,P00033,view,2024-03-20T10:47:00
E003278,C000763,P00155,view,2024-03-20T11:14:00
E005522,C000666,P00347,view,2024-03-20T12:55:00
E005530,C000664,P00447,purchase,2024-03-20T14:31:00
E000429,C000256,P00188,view,2024-03-20T14:57:00
E000222,C000640,P00029,view,2024-03-20T16:19:00
E004930,C000592,P00051,view,2024-03-20T17:38:00
E005911,C000529,P00267,purchase,2024-03-20T17:40:00
E003018,C000036,P00006,cart,2024-03-20T19:21:00
E001199,C000153,P00198,view,2024-03-20T19:26:00
E003067,C000652,P00094,view,2024-03-20T20:09:00
E001869,C000551,P00079,cart,2024-03-20T21:19:00
E000715,C000008,P00291,cart,2024-03-20T22:25:00
E004361,C000216,P00025,cart,2024-03-20T22:42:00
E000543,C000446,P00284,view,2024-03-20T22:59:00
E000458,C000365,P00466,cart,2024-03-20T23:16:00
E003383,C000365,P00095,view,2024-03-20T23:22:00
E001541,C000723,P00103,purchase,2024-03-21T00:00:00
E005426,C000717,P00303,view,2024-03-21T00:41:00
E004228,C000582,P00213,cart,2024-03-21T01:16:00
E003712,C000126,P00350,view,2024-03-21T01:56:00
E000419,C000174,P00140,cart,2024-03-21T02:39:00
E005101,C000200,P00459,cart,2024-03-21T02:48:00
E003295,C000565,P00241,purchase,2024-03-21T03:09:00
E002124,C000256,P00234,view,2024-03-21T03:11:00
E002677,C000747,P00476,cart,2024-03-21T03:34:00
E003365,C000756,P00479,view,2024-03-21T04:33:00
E001905,C000532,P00465,purchase,2024-03-21T04:57:00
E004865,C000033,P00000,view,2024-03-21T05:42:00
E004690,C000482,P00078,view,2024-03-21T05:47:00
E005489,C000344,P00081,view,2024-03-21T06:18:00
E003449,C000349,P00362,view,2024-03-21T06:20:00
E002030,C000208,P00437,view,2024-03-21T06:58:00
E000280,C000498,P00198,view,2024-03-21T07:01:00
E004542,C000544,P00346,view,2024-03-21T07:14:00
E005293,C000542,P00153,cart,2024-03-21T08:11:00
E000868,C000718,P00004,view,2024-03-21T08:43:00
E004959,C000110,P00085,view,2024-03-21T09:45:00
E003029,C000275,P00015,cart,2024-03-21T10:06:00
E004249,C000233,P00411,view,2024-03-21T10:07:00
E003581,C000283,P00089,cart,2024-03-21T10:37:00
E003885,C000541,P00193,view,2024-03-21T11:01:00
E000123,C000463,P00289,view,2024-03-21T11:06:00
E004641,C000054,P00147,view,2024-03-21T11:12:00
E004514,C000417,P00244,cart,2024-03-21T11:31:00
E001783,C000210,P00469,cart,2024-03-21T11:45:00
E003268,C000519,P00282,purchase,2024-03-21T12:05:00
E005238,C000230,P00215,cart,2024-03-21T12:32:00
E002564,C000125,P00391,view,2024-03-21T12:48:00
E000227,C000455,P00442,view,2024-03-21T13:06:00
E001421,C000034,P00496,cart,2024-03-21T13:11:00
E005772,C000584,P00114,cart,2024-03-21T14:26:00
E001728,C000608,P00315,cart,2024-03-21T16:10:00
E000667,C000218,P00290,cart,2024-03-21T16:46:00
E005839,C000044,P00015,view,2024-03-21T17:09:00
E000733,C000553,P00411,view,2024-03-21T17:50:00
E000183,C000705,P00443,view,2024-03-21T18:02:00
E003046,C000797,P00362,purchase,2024-03-21T18:09:00
E003986,C000469,P00483,purchase,2024-03-21T18:14:00
E001885,C000008,P00275,view,2024-03-21T18:15:00
E000930,C000587,P00010,cart,2024-03-21T18:29:00
E003851,C000674,P00213,purchase,2024-03-21T19:03:00
E003959,C000594,P00014,view,2024-03-21T19:37:00
E003012,C000263,P00104,cart,2024-03-21T20:10:00
E005431,C000405,P00175,cart,2024-03-21T20:16:00
E005437,C000688,P00020,cart,2024-03-21T20:29:00
E003798,C000264,P00071,view,2024-03-21T20:39:00
E001406,C000103,P00277,view,2024-03-21T20:54:00
E004109,C000692,P00250,cart,2024-03-21T21:20:00
E005392,C000294,P00385,view,2024-03-21T21:38:00
E000326,C000567,P00233,view,2024-03-21T22:04:00
E005597,C000780,P00288,view,2024-03-21T22:30:00
E003388,C000755,P00319,view,2024-03-21T23:48:00
E002881,C000706,P00194,view,2024-03-22T00:00:00
E000089,C000470,P00014,cart,2024-03-22T00:07:00
E004581,C000066,P00385,view,2024-03-22T00:16:00
E004409,C000021,P00393,purchase,2024-03-22T01:13:00
E004385,C000375,P00182,cart,2024-03-22T01:15:00
E003327,C000286,P00162,view,2024-03-22T01:56:00
E004699,C000515,P00156,view,2024-03-22T03:05:00
E005688,C000137,P00053,cart,2024-03-22T03:28:00
E002338,C000206,P00456,purchase,2024-03-22T03:34:00
E003130,C000622,P00126,purchase,2024-03-22T03:35:00
E002274,C000551,P00328,view,2024-03-22T04:00:00
E001364,C000125,P00100,cart,2024-03-22T05:15:00
E002770,C000434,P00363,view,2024-03-22T05:56:00
E001225,C000755,P00039,view,2024-03-22T07:10:00
E001402,C000528,P00287,view,2024-03-22T07:13:00
E003328,C000405,P00405,cart,2024-03-22T07:23:00
E002420,C000635,P00329,view,2024-03-22T07:43:00
E005852,C000436,P00330,view,2024-03-22T07:44:00
E005000,C000510,P00467,view,2024-03-22T07:55:00
E003549,C000628,P00347,view,2024-03-22T08:02:00
E003930,C000425,P00274,view,2024-03-22T08:24:00
E003951,C000500,P00004,cart,2024-03-22T09:15:00
E001110,C000418,P00036,view,2024-03-22T09:38:00
E005087,C000312,P00055,cart,2024-03-22T13:21:00
E005527,C000160,P00128,view,2024-03-22T14:05:00
E003103,C000357,P00131,view,2024-03-22T14:28:00
E000920,C000488,P00207,view,2024-03-22T14:54:00
E002314,C000379,P00493,purchase,2024-03-22T15:06:00
E005646,C000632,P00269,view,2024-03-22T16:01:00
E002130,C000556,P00317,cart,2024-03-22T17:34:00
E001877,C000409,P00357,cart,2024-03-22T17:54:00
E003323,C000479,P00154,cart,2024-03-22T18:05:00
E004636,C000608,P00367,view,2024-03-22T18:10:00
E000946,C000323,P00356,cart,2024-03-22T18:34:00
E005861,C000521,P00076,cart,2024-03-22T18:41:00
E002799,C000399,P00322,view,2024-03-22T19:24:00
E000159,C000231,P00055,cart,2024-03-22T19:33:00
E005062,C000290,P00386,purchase,2024-03-22T19:36:00
E001577,C000117,P00328,view,2024-03-22T20:04:00
E000006,C000263,P00115,purchase,2024-03-22T21:04:00
E000806,C000310,P00284,cart,2024-03-22T21:11:00
E001157,C000247,P00446,view,2024-03-22T21:27:00
E002077,C000016,P00115,view,2024-03-22T22:11:00
E000668,C000283,P00379,purchase,2024-03-22T22:45:00
E004965,C000154,P00389,purchase,2024-03-22T22:57:00
E003970,C000485,P00035,cart,2024-03-22T23:54:00
E001340,C000597,P00290,cart,2024-03-23T00:30:00
E002666,C000782,P00416,view,2024-03-23T01:15:00
E004836,C000178,P00229,purchase,2024-03-23T01:49:00
E002926,C000496,P00333,purchase,2024-03-23T02:41:00
E002832,C000517,P00040,view,2024-03-23T04:42:00
E002458,C000197,P00391,view,2024-03-23T04:51:00
E005081,C000661,P00135,view,2024-03-23T04:57:00
E000028,C000183,P00026,view,2024-03-23T05:04:00
E001511,C000011,P00041,view,2024-03-23T05:10:00
E004610,C000552,P00463,view,2024-03-23T05:15:00
E004735,C000076,P00176,purchase,2024-03-23T05:45:00
E005963,C000449,P00222,view,2024-03-23T06:03:00
E003059,C000079,P00413,view,2024-03-23T06:53:00
E001213,C000113,P00094,view,2024-03-23T07:23:00
E000066,C000539,P00016,purchase,2024-03-23T07:52:00
E005485,C000722,P00309,cart,2024-03-23T08:18:00
E003685,C000688,P00229,view,2024-03-23T08:33:00
E001318,C000743,P00450,view,2024-03-23T08:45:00
E005692,C000751,P00378,view,2024-03-23T08:47:00
E002961,C000386,P00475,purchase,2024-03-23T09:08:00
E002225,C000240,P00157,view,2024-03-23T09:09:00
E004339,C000376,P00412,cart,2024-03-23T09:18:00
E000989,C000507,P00057,view,2024-03-23T09:48:00
E001159,C000315,P00265,view,2024-03-23T10:35:00
E000978,C000715,P00034,cart,2024-03-23T11:16:00
E002592,C000755,P00386,cart,2024-03-23T11:30:00
E004790,C000469,P00334,view,2024-03-23T12:19:00
E003015,C000318,P00146,view,2024-03-23T12:23:00
E001458,C000022,P00029,view,2024-03-23T12:36:00
E004136,C000171,P00373,view,2024-03-23T13:11:00
E003750,C000204,P00317,cart,2024-03-23T13:23:00
E003646,C000227,P00457,view,2024-03-23T14:09:00
E000205,C000715,P00267,cart,2024-03-23T15:58:00
E005419,C000557,P00021,view,2024-03-23T16:31:00
E002259,C000458,P00229,view,2024-03-23T17:26:00
E003884,C000569,P00181,cart,2024-03-23T17:35:00
E001863,C000669,P00262,view,2024-03-23T17:43:00
E005487,C000322,P00202,view,2024-03-23T18:49:00
E001958,C000007,P00316,purchase,2024-03-23T19:37:00
E003716,C000694,P00455,view,2024-03-23T20:36:00
E005890,C000108,P00225,view,2024-03-23T20:56:00
E000745,C000213,P00196,cart,2024-03-23T21:08:00
E004088,C000287,P00177,view,2024-03-23T21:52:00
E004754,C000136,P00286,cart,2024-03-23T22:44:00
E003704,C000459,P00395,cart,2024-03-23T22:46:00
E002258,C000195,P00166,cart,2024-03-23T23:32:00
E000372,C000588,P00189,view,2024-03-24T00:00:00
E000375,C000741,P00260,cart,2024-03-24T00:59:00
E005666,C000358,P00141,view,2024-03-24T01:38:00
E000741,C000151,P00290,view,2024-03-24T02:01:00
E002203,C000341,P00039,view,2024-03-24T02:20:00
E005028,C000766,P00156,view,2024-03-24T03:03:00
E003617,C000175,P00190,view,2024-03-24T03:19:00
E002384,C000714,P00022,view,2024-03-24T04:11:00
E005704,C000755,P00124,view,2024-03-24T04:22:00
E000969,C000514,P00472,view,2024-03-24T05:03:00
E003540,C000210,P00069,cart,2024-03-24T05:39:00
E000600,C000786,P00133,view,2024-03-24T08:13:00
E001920,C000591,P00209,purchase,2024-03-24T08:34:00
E001539,C000680,P00077,view,2024-03-24T10:27:00
E003378,C000200,P00110,view,2024-03-24T10:37:00
E002778,C000622,P00180,view,2024-03-24T10:49:00
E003832,C000107,P00275,view,2024-03-24T11:09:00
E001710,C000011,P00433,purchase,2024-03-24T11:10:00
E000002,C000307,P00209,view,2024-03-24T12:22:00
E004321,C000376,P00246,view,2024-03-24T12:46:00
E003766,C000510,P00462,view,2024-03-24T12:51:00
E000886,C000666,P00350,view,2024-03-24T13:08:00
E000306,C000604,P00452,view,2024-03-24T15:42:00
E005034,C000363,P00405,cart,2024-03-24T15:45:00
E004259,C000326,P00474,view,2024-03-24T16:21:00
E005457,C000606,P00194,view,2024-03-24T16:41:00
E000408,C000264,P00461,view,2024-03-24T17:44:00
E001153,C000555,P00136,view,2024-03-24T17:55:00
E003463,C000083,P00189,cart,2024-03-24T19:18:00
E000976,C000582,P00152,view,2024-03-24T19:18:00
E000075,C000086,P00004,cart,2024-03-24T19:42:00
E000098,C000300,P00374,purchase,2024-03-24T19:45:00
E002158,C000189,P00307,view,2024-03-24T20:59:00
E005612,C000257,P00498,cart,2024-03-24T22:08:00
E002096,C000146,P00264,view,2024-03-24T22:30:00
E001291,C000163,P00321,view,2024-03-24T22:36:00
E000460,C000362,P00341,cart,2024-03-24T22:57:00
E001488,C000075,P00486,view,2024-03-24T23:04:00
E000872,C000594,P00440,purchase,2024-03-24T23:32:00
E001210,C000122,P00130,purchase,2024-03-24T23:59:00
E005399,C000688,P00029,view,2024-03-25T00:13:00
E002232,C000476,P00449,cart,2024-03-25T00:14:00
E000039,C000295,P00492,view,2024-03-25T00:21:00
E002386,C000056,P00399,view,2024-03-25T00:25:00
E001354,C000689,P00346,purchase,2024-03-25T00:55:00
E000403,C000339,P00468,view,2024-03-25T01:01:00
E003129,C000168,P00200,purchase,2024-03-25T01:13:00
E000571,C000454,P00285,view,2024-03-25T01:43:00
E003009,C000542,P00411,view,2024-03-25T01:56:00
E005448,C000270,P00309,view,2024-03-25T02:43:00
E000432,C000602,P00337,purchase,2024-03-25T02:57:00
E005211,C000678,P00193,view,2024-03-25T03:03:00
E005421,C000020,P00003,purchase,2024-03-25T03:50:00
E000020,C000016,P00086,purchase,2024-03-25T04:04:00
E004769,C000569,P00318,view,2024-03-25T04:23:00
E001103,C000660,P00354,view,2024-03-25T04:46:00
E003634,C000669,P00150,view,2024-03-25T05:01:00
E004206,C000207,P00399,view,2024-03-25T05:13:00
E002724,C000301,P00202,view,2024-03-25T06:04:00
E002122,C000551,P00151,cart,2024-03-25T06:39:00
E005320,C000009,P00115,view,2024-03-25T07:58:00
E005587,C000493,P00322,view,2024-03-25T08:01:00
E003096,C000011,P00483,cart,2024-03-25T08:23:00
E002234,C000094,P00042,view,2024-03-25T08:42:00
E001176,C000680,P00095,purchase,2024-03-25T09:19:00
E001142,C000491,P00268,view,2024-03-25T10:24:00
E000139,C000271,P00493,cart,2024-03-25T11:30:00
E000975,C000532,P00145,cart,2024-03-25T12:29:00
E003748,C000298,P00063,view,2024-03-25T12:31:00
E002440,C000317,P00352,view,2024-03-25T12:46:00
E003427,C000479,P00463,view,2024-03-25T12:47:00
E001329,C000490,P00204,view,2024-03-25T14:10:00
E005073,C000615,P00063,cart,2024-03-25T15:18:00
E000662,C000593,P00413,view,2024-03-25T15:46:00
E005758,C000230,P00319,cart,2024-03-25T15:51:00
E005821,C000100,P00195,view,2024-03-25T15:57:00
E001016,C000561,P00191,cart,2024-03-25T16:02:00
E004565,C000329,P00093,view,2024-03-25T16:05:00
E003470,C000788,P00226,view,2024-03-25T17:12:00
E000003,C000426,P00419,view,2024-03-25T17:32:00
E004387,C000315,P00102,cart,2024-03-25T17:49:00
E005856,C000123,P00218,cart,2024-03-25T18:00:00
E002929,C000289,P00408,cart,2024-03-25T18:57:00
E002849,C000483,P00071,view,2024-03-25T19:26:00
E003845,C000670,P00001,view,2024-03-25T19:52:00
E003293,C000558,P00189,purchase,2024-03-25T20:49:00
E001642,C000020,P00464,view,2024-03-25T21:33:00
E001583,C000137,P00214,cart,2024-03-25T22:40:00
E002273,C000206,P00092,view,2024-03-25T23:17:00
E002003,C000568,P00027,view,2024-03-25T23:43:00
E003631,C000371,P00338,view,2024-03-25T23:50:00
E003881,C000033,P00213,view,2024-03-25T23:53:00
E001708,C000175,P00310,view,2024-03-26T00:10:00
E004912,C000722,P00035,view,2024-03-26T00:54:00
E005085,C000604,P00334,view,2024-03-26T01:01:00
E005501,C000560,P00121,purchase,2024-03-26T01:09:00
E000250,C000751,P00460,view,2024-03-26T01:57:00
E002424,C000402,P00137,view,2024-03-26T02:04:00
E003602,C000002,P00144,view,2024-03-26T02:04:00
E004526,C000557,P00025,cart,2024-03-26T02:22:00
E002317,C000284,P00199,cart,2024-03-26T03:04:00
E004029,C000155,P00316,view,2024-03-26T03:34:00
E000457,C000339,P00136,cart,2024-03-26T03:48:00
E001859,C000120,P00351,view,2024-03-26T03:52:00
E002867,C000117,P00175,view,2024-03-26T03:58:00
E005251,C000304,P00319,view,2024-03-26T04:16:00
E002324,C000396,P00052,cart,2024-03-26T04:16:00
E001929,C000190,P00171,purchase,2024-03-26T04:48:00
E002339,C000355,P00021,view,2024-03-26T05:32:00
E004214,C000256,P00130,view,2024-03-26T06:24:00
E004065,C000139,P00294,view,2024-03-26T06:59:00
E002041,C000543,P00131,view,2024-03-26T07:07:00
E004330,C000729,P00034,view,2024-03-26T07:17:00
E003403,C000525,P00193,cart,2024-03-26T07:27:00
E000531,C000567,P00015,view,2024-03-26T07:40:00
E000484,C000230,P00240,cart,2024-03-26T07:52:00
E004291,C000170,P00287,view,2024-03-26T08:05:00
E000135,C000074,P00075,view,2024-03-26T08:09:00
E003150,C000110,P00276,purchase,2024-03-26T08:30:00
E004989,C000221,P00460,view,2024-03-26T09:57:00
E003146,C000320,P00194,cart,2024-03-26T10:02:00
E000376,C000645,P00154,view,2024-03-26T10:04:00
E005430,C000075,P00141,view,2024-03-26T10:40:00
E003819,C000183,P00107,purchase,2024-03-26T11:00:00
E001388,C000537,P00310,view,2024-03-26T11:12:00
E004602,C000572,P00116,view,2024-03-26T11:18:00
E004936,C000144,P00065,view,2024-03-26T11:30:00
E002493,C000640,P00412,view,2024-03-26T11:51:00
E003132,C000160,P00404,view,2024-03-26T12:30:00
E001091,C000140,P00018,view,2024-03-26T13:05:00
E002938,C000467,P00211,view,2024-03-26T13:40:00
E000092,C000666,P00050,cart,2024-03-26T13:56:00
E001761,C000041,P00338,view,2024-03-26T15:01:00
E001178,C000740,P00463,view,2024-03-26T15:01:00
E002360,C000719,P00425,view,2024-03-26T15:58:00
E003144,C000139,P00409,view,2024-03-26T16:36:00
E002184,C000016,P00023,view,2024-03-26T16:54:00
E004221,C000741,P00039,view,2024-03-26T17:28:00
E004692,C000014,P00239,view,2024-03-26T17:35:00
E005550,C000650,P00409,cart,2024-03-26T18:03:00
E004795,C000517,P00196,view,2024-03-26T18:41:00
E005013,C000586,P00472,view,2024-03-26T18:44:00
E002085,C000736,P00462,cart,2024-03-26T19:03:00
E002152,C000011,P00398,cart,2024-03-26T19:30:00
E003927,C000718,P00347,view,2024-03-26T20:10:00
E002802,C000212,P00112,view,2024-03-26T20:20:00
E005762,C000730,P00053,view,2024-03-26T20:38:00
E004675,C000357,P00436,view,2024-03-26T20:44:00
E005107,C000656,P00384,view,2024-03-26T21:13:00
E000644,C000098,P00124,purchase,2024-03-26T21:25:00
E001006,C000796,P00126,view,2024-03-26T22:04:00
E001266,C000198,P00115,view,2024-03-26T22:25:00
E003333,C000155,P00391,view,2024-03-26T22:42:00
E005415,C000141,P00080,view,2024-03-26T22:46:00
E005757,C000442,P00237,cart,2024-03-26T22:53:00
E004417,C000008,P00165,view,2024-03-26T23:05:00
E000645,C000151,P00352,purchase,2024-03-26T23:25:00
E001694,C000682,P00137,view,2024-03-27T00:04:00
E000665,C000204,P00119,purchase,2024-03-27T02:43:00
E005717,C000536,P00341,purchase,2024-03-27T03:36:00
E001290,C000197,P00211,cart,2024-03-27T04:25:00
E005462,C000499,P00092,view,2024-03-27T05:45:00
E005019,C000758,P00236,purchase,2024-03-27T06:03:00
E005228,C000324,P00223,purchase,2024-03-27T06:53:00
E005406,C000446,P00024,view,2024-03-27T07:14:00
E003616,C000647,P00101,purchase,2024-03-27T07:43:00
E000358,C000560,P00136,view,2024-03-27T09:50:00
E000290,C000734,P00371,view,2024-03-27T10:08:00
E001032,C000750,P00140,view,2024-03-27T10:19:00
E000496,C000770,P00163,cart,2024-03-27T11:03:00
E000703,C000652,P00296,view,2024-03-27T11:35:00
E001404,C000731,P00457,view,2024-03-27T12:26:00
E005923,C000346,P00199,view,2024-03-27T12:33:00
E001872,C000750,P00243,view,2024-03-27T12:55:00
E001610,C000482,P00318,view,2024-03-27T13:21:00
E004416,C000010,P00326,view,2024-03-27T14:15:00
E005277,C000127,P00063,view,2024-03-27T14:54:00
E001666,C000403,P00136,purchase,2024-03-27T14:55:00
E002651,C000378,P00204,purchase,2024-03-27T15:00:00
E001343,C000563,P00150,cart,2024-03-27T15:14:00
E002475,C000333,P00482,view,2024-03-27T15:20:00
E001484,C000209,P00148,view,2024-03-27T16:10:00
E003294,C000511,P00381,purchase,2024-03-27T17:10:00
E004837,C000507,P00130,view,2024-03-27T17:12:00
E001015,C000107,P00420,cart,2024-03-27T17:36:00
E000355,C000019,P00297,view,2024-03-27T17:56:00
E005198,C000446,P00396,view,2024-03-27T18:09:00
E004778,C000305,P00476,view,2024-03-27T18:23:00
E004396,C000350,P00227,cart,2024-03-27T18:55:00
E003416,C000244,P00414,cart,2024-03-27T19:02:00
E001330,C000775,P00159,view,2024-03-27T19:10:00
E005946,C000595,P00019,view,2024-03-27T19:33:00
E000333,C000059,P00219,view,2024-03-27T21:14:00
E003409,C000233,P00361,view,2024-03-27T21:17:00
E002930,C000566,P00495,purchase,2024-03-27T21:27:00
E003805,C000537,P00288,view,2024-03-27T22:28:00
E003883,C000113,P00126,view,2024-03-27T22:28:00
E003919,C000067,P00152,view,2024-03-28T00:08:00
E000508,C000578,P00487,view,2024-03-28T00:24:00
E005555,C000289,P00067,view,2024-03-28T01:52:00
E002462,C000463,P00385,view,2024-03-28T02:10:00
E001947,C000716,P00416,view,2024-03-28T02:18:00
E003068,C000561,P00015,view,2024-03-28T02:37:00
E005298,C000191,P00352,view,2024-03-28T03:28:00
E000502,C000646,P00278,view,2024-03-28T03:58:00
E000672,C000489,P00104,view,2024-03-28T04:19:00
E005195,C000591,P00189,view,2024-03-28T04:36:00
E001833,C000439,P00455,view,2024-03-28T04:39:00
E003575,C000182,P00309,view,2024-03-28T04:56:00
E004193,C000421,P00477,view,2024-03-28T05:01:00
E004511,C000136,P00260,view,2024-03-28T05:31:00
E003666,C000392,P00397,view,2024-03-28T05:46:00
E002101,C000451,P00221,view,2024-03-28T06:13:00
E000077,C000017,P00378,view,2024-03-28T06:31:00
E001131,C000099,P00105,view,2024-03-28T06:47:00
E004981,C000572,P00121,cart,2024-03-28T06:57:00
E002691,C000132,P00289,view,2024-03-28T08:26:00
E005336,C000665,P00221,purchase,2024-03-28T08:57:00
E003813,C000076,P00227,view,2024-03-28T09:51:00
E002540,C000339,P00453,view,2024-03-28T10:05:00
E001951,C000511,P00236,cart,2024-03-28T10:12:00
E000681,C000531,P00318,cart,2024-03-28T10:23:00
E004935,C000053,P00247,view,2024-03-28T10:50:00
E005217,C000685,P00419,cart,2024-03-28T10:52:00
E002154,C000278,P00457,view,2024-03-28T10:55:00
E003983,C000056,P00124,view,2024-03-28T10:57:00
E000220,C000065,P00432,purchase,2024-03-28T11:34:00
E000951,C000020,P00130,view,2024-03-28T11:37:00
E005098,C000790,P00198,view,2024-03-28T12:33:00
E004979,C000164,P00376,purchase,2024-03-28T14:17:00
E004379,C000064,P00420,view,2024-03-28T14:24:00
E000100,C000464,P00456,view,2024-03-28T15:39:00
E001230,C000402,P00196,view,2024-03-28T15:52:00
E005959,C000469,P00072,view,2024-03-28T16:37:00
E000486,C000700,P00347,view,2024-03-28T16:39:00
E000277,C000766,P00422,view,2024-03-28T16:49:00
E003759,C000397,P00197,cart,2024-03-28T16:57:00
E002246,C000063,P00046,purchase,2024-03-28T17:09:00
E002138,C000221,P00181,purchase,2024-03-28T17:36:00
E000339,C000605,P00062,view,2024-03-28T18:29:00
E001742,C000651,P00353,view,2024-03-28T18:31:00
E003265,C000670,P00082,purchase,2024-03-28T18:33:00
E004388,C000037,P00060,view,2024-03-28T19:09:00
E001350,C000465,P00216,view,2024-03-28T19:41:00
E005265,C000499,P00114,cart,2024-03-28T19:54:00
E004678,C000579,P00032,view,2024-03-28T20:56:00
E004672,C000373,P00060,view,2024-03-28T21:35:00
E004073,C000373,P00465,purchase,2024-03-28T21:48:00
E003394,C000406,P00315,cart,2024-03-28T21:50:00
E002851,C000647,P00371,view,2024-03-28T21:56:00
E005935,C000577,P00381,view,2024-03-28T22:59:00
E002298,C000109,P00122,view,2024-03-29T00:01:00
E004830,C000419,P00163,cart,2024-03-29T00:07:00
E005895,C000432,P00038,view,2024-03-29T00:21:00
E005511,C000700,P00049,view,2024-03-29T03:10:00
E001420,C000080,P00487,cart,2024-03-29T05:04:00
E001606,C000103,P00146,view,2024-03-29T05:13:00
E005476,C000684,P00058,cart,2024-03-29T06:09:00
E002622,C000750,P00197,view,2024-03-29T06:28:00
E005273,C000340,P00315,view,2024-03-29T06:43:00
E001424,C000705,P00014,view,2024-03-29T07:51:00
E000752,C000695,P00019,cart,2024-03-29T08:31:00
E002161,C000607,P00289,view,2024-03-29T08:52:00
E003429,C000622,P00193,view,2024-03-29T09:06:00
E002444,C000174,P00053,view,2024-03-29T09:12:00
E003729,C000458,P00127,view,2024-03-29T10:34:00
E003423,C000507,P00217,view,2024-03-29T10:48:00
E004368,C000038,P00383,view,2024-03-29T10:55:00
E003764,C000044,P00454,purchase,2024-03-29T11:03:00
E001566,C000620,P00004,purchase,2024-03-29T11:33:00
E000851,C000373,P00073,view,2024-03-29T12:05:00
E005553,C000223,P00130,cart,2024-03-29T12:45:00
E005446,C000542,P00155,view,2024-03-29T13:02:00
E001604,C000585,P00388,view,2024-03-29T13:24:00
E004310,C000510,P00144,view,2024-03-29T13:32:00
E000611,C000388,P00220,purchase,2024-03-29T14:03:00
E000837,C000664,P00450,view,2024-03-29T14:10:00
E003055,C000391,P00111,view,2024-03-29T14:45:00
E005015,C000637,P00297,view,2024-03-29T15:06:00
E005737,C000330,P00227,view,2024-03-29T15:40:00
E004333,C000484,P00072,view,2024-03-29T16:05:00
E002380,C000116,P00109,view,2024-03-29T16:11:00
E001788,C000196,P00091,purchase,2024-03-29T16:35:00
E000683,C000039,P00392,cart,2024-03-29T17:17:00
E000425,C000142,P00253,cart,2024-03-29T17:35:00
E002090,C000189,P00466,cart,2024-03-29T17:45:00
E001040,C000489,P00285,cart,2024-03-29T17:53:00
E001143,C000105,P00057,cart,2024-03-29T17:59:00
E001358,C000743,P00430,view,2024-03-29T18:26:00
E005006,C000660,P00376,view,2024-03-29T19:13:00
E003776,C000108,P00492,view,2024-03-29T19:41:00
E001720,C000551,P00470,purchase,2024-03-29T19:47:00
E005792,C000720,P00245,view,2024-03-29T19:53:00
E004697,C000305,P00233,cart,2024-03-29T20:17:00
E001352,C000014,P00184,view,2024-03-29T20:18:00
E003944,C000565,P00081,view,2024-03-29T20:39:00
E002337,C000059,P00049,view,2024-03-29T20:47:00
E003765,C000399,P00184,view,2024-03-29T21:02:00
E005604,C000626,P00235,view,2024-03-29T21:52:00
E002286,C000018,P00283,cart,2024-03-29T21:58:00
E004443,C000780,P00133,view,2024-03-29T22:55:00
E004020,C000041,P00483,view,2024-03-29T23:38:00
E003835,C000790,P00151,purchase,2024-03-30T00:24:00
E004463,C000289,P00140,cart,2024-03-30T00:26:00
E000787,C000313,P00067,view,2024-03-30T00:29:00
E003857,C000535,P00464,view,2024-03-30T01:40:00
E004550,C000494,P00486,view,2024-03-30T02:29:00
E004839,C000275,P00347,view,2024-03-30T02:32:00
E005280,C000008,P00369,cart,2024-03-30T02:44:00
E003600,C000707,P00191,cart,2024-03-30T02:50:00
E000984,C000398,P00307,view,2024-03-30T02:51:00
E004472,C000198,P00450,purchase,2024-03-30T03:15:00
E000599,C000792,P00144,view,2024-03-30T03:18:00
E002111,C000242,P00459,cart,2024-03-30T03:30:00
E005009,C000687,P00132,view,2024-03-30T03:36:00
E003714,C000712,P00040,view,2024-03-30T04:53:00
E001937,C000299,P00160,view,2024-03-30T04:59:00
E005973,C000643,P00425,view,2024-03-30T05:02:00
E003240,C000361,P00193,view,2024-03-30T05:45:00
E002179,C000022,P00132,view,2024-03-30T06:20:00
E001816,C000323,P00160,view,2024-03-30T06:21:00
E002798,C000484,P00217,view,2024-03-30T06:30:00
E002893,C000374,P00452,view,2024-03-30T07:09:00
E001299,C000579,P00274,view,2024-03-30T07:33:00
E001611,C000711,P00359,cart,2024-03-30T07:47:00
E001344,C000785,P00356,view,2024-03-30T08:03:00
E005092,C000240,P00286,purchase,2024-03-30T09:54:00
E005379,C000254,P00278,purchase,2024-03-30T10:22:00
E004670,C000137,P00199,cart,2024-03-30T11:05:00
E004473,C000750,P00069,cart,2024-03-30T11:16:00
E002034,C000522,P00448,view,2024-03-30T12:08:00
E003505,C000146,P00402,cart,2024-03-30T15:39:00
E003842,C000284,P00389,cart,2024-03-30T15:40:00
E001546,C000033,P00018,view,2024-03-30T15:46:00
E001981,C000509,P00429,view,2024-03-30T15:48:00
E003702,C000479,P00332,view,2024-03-30T15:52:00
E004608,C000593,P00237,purchase,2024-03-30T16:02:00
E003102,C000611,P00269,cart,2024-03-30T17:10:00
E005366,C000211,P00239,view,2024-03-30T17:55:00
E005502,C000109,P00249,view,2024-03-30T18:42:00
E004880,C000438,P00045,cart,2024-03-30T18:44:00
E002608,C000344,P00053,view,2024-03-30T18:51:00
E002699,C000443,P00146,cart,2024-03-30T18:59:00
E000379,C000793,P00380,cart,2024-03-30T19:03:00
E004269,C000747,P00356,view,2024-03-30T19:30:00
E001777,C000768,P00492,purchase,2024-03-30T19:52:00
E005929,C000785,P00370,view,2024-03-30T19:52:00
E005609,C000541,P00247,cart,2024-03-30T20:09:00
E004800,C000762,P00319,view,2024-03-30T20:14:00
E001191,C000345,P00273,cart,2024-03-30T20:17:00
E004808,C000333,P00335,view,2024-03-30T21:08:00
E000632,C000042,P00083,view,2024-03-30T21:47:00
E000630,C000237,P00108,view,2024-03-30T21:54:00
E000129,C000633,P00047,view,2024-03-30T23:05:00
E004501,C000751,P00222,view,2024-03-30T23:35:00
E002280,C000190,P00037,view,2024-03-30T23:36:00
E001775,C000138,P00163,view,2024-03-30T23:38:00
E001638,C000369,P00161,view,2024-03-30T23:48:00
E000008,C000184,P00110,purchase,2024-03-31T00:10:00
E005919,C000201,P00293,view,2024-03-31T00:39:00
E005808,C000469,P00213,cart,2024-03-31T00:56:00
E001069,C000227,P00258,view,2024-03-31T01:24:00
E005260,C000605,P00433,view,2024-03-31T02:13:00
E005650,C000412,P00258,view,2024-03-31T02:22:00
E000825,C000317,P00357,view,2024-03-31T02:54:00
E005340,C000010,P00374,view,2024-03-31T04:05:00
E004706,C000350,P00447,view,2024-03-31T04:11:00
E002611,C000292,P00183,view,2024-03-31T04:23:00
E000271,C000689,P00171,view,2024-03-31T04:57:00
E000917,C000006,P00013,view,2024-03-31T05:52:00
E005268,C000736,P00080,view,2024-03-31T05:53:00
E001822,C000078,P00064,view,2024-03-31T07:36:00
E001074,C000739,P00012,view,2024-03-31T08:06:00
E001909,C000101,P00076,view,2024-03-31T08:52:00
E001570,C000205,P00477,purchase,2024-03-31T09:30:00
E004753,C000159,P00103,cart,2024-03-31T12:17:00
E000528,C000214,P00360,view,2024-03-31T12:25:00
E002595,C000793,P00373,view,2024-03-31T13:18:00
E000635,C000011,P00103,view,2024-03-31T14:03:00
E004240,C000538,P00319,view,2024-03-31T14:43:00
E001982,C000003,P00098,view,2024-03-31T15:16:00
E001716,C000765,P00063,view,2024-03-31T15:45:00
E004816,C000174,P00129,view,2024-03-31T16:18:00
E000778,C000670,P00430,view,2024-03-31T16:24:00
E002634,C000303,P00380,view,2024-03-31T16:31:00
E005361,C000191,P00104,view,2024-03-31T17:09:00
E000592,C000565,P00060,view,2024-03-31T17:13:00
E004803,C000616,P00467,cart,2024-03-31T17:13:00
E001699,C000021,P00428,view,2024-03-31T17:16:00
E000370,C000395,P00412,view,2024-03-31T17:29:00
E002325,C000260,P00415,cart,2024-03-31T17:43:00
E005407,C000621,P00207,view,2024-03-31T18:21:00
E000586,C000226,P00467,view,2024-03-31T18:30:00
E004453,C000388,P00467,cart,2024-03-31T18:54:00
E005337,C000121,P00497,cart,2024-03-31T19:21:00
E000196,C000132,P00045,cart,2024-03-31T20:29:00
E002838,C000536,P00218,view,2024-03-31T20:31:00
E005086,C000613,P00083,purchase,2024-03-31T21:05:00
E001766,C000152,P00479,cart,2024-03-31T21:25:00
E000907,C000391,P00452,purchase,2024-03-31T22:01:00
E002976,C000528,P00237,cart,2024-03-31T22:03:00
E005748,C000490,P00472,cart,2024-03-31T22:30:00
E000583,C000157,P00422,purchase,2024-03-31T22:44:00
E003960,C000530,P00065,purchase,2024-03-31T22:48:00
E003272,C000694,P00258,cart,2024-03-31T22:57:00
E003088,C000728,P00280,view,2024-03-31T23:35:00
E001492,C000157,P00263,view,2024-03-31T23:54:00
E002674,C000483,P00136,view,2024-04-01T00:36:00
E003246,C000697,P00157,view,2024-04-01T01:40:00
E001027,C000563,P00018,view,2024-04-01T02:53:00
E005187,C000707,P00101,view,2024-04-01T02:57:00
E003260,C000085,P00181,cart,2024-04-01T03:08:00
E003975,C000575,P00039,view,2024-04-01T04:09:00
E004056,C000584,P00311,cart,2024-04-01T04:20:00
E003620,C000288,P00016,view,2024-04-01T04:39:00
E002336,C000575,P00316,cart,2024-04-01T04:40:00
E003432,C000044,P00069,cart,2024-04-01T05:43:00
E002925,C000764,P00495,view,2024-04-01T06:26:00
E003802,C000344,P00260,cart,2024-04-01T07:20:00
E003829,C000048,P00138,view,2024-04-01T09:22:00
E002942,C000428,P00172,purchase,2024-04-01T09:46:00
E002376,C000294,P00321,view,2024-04-01T10:09:00
E005122,C000768,P00373,view,2024-04-01T11:40:00
E001818,C000234,P00065,view,2024-04-01T11:40:00
E004038,C000084,P00001,view,2024-04-01T11:57:00
E001988,C000432,P00398,view,2024-04-01T12:14:00
E001888,C000440,P00105,purchase,2024-04-01T13:36:00
E003893,C000778,P00049,cart,2024-04-01T14:12:00
E001251,C000710,P00373,view,2024-04-01T14:48:00
E004366,C000427,P00370,purchase,2024-04-01T15:35:00
E005733,C000703,P00235,view,2024-04-01T16:02:00
E004085,C000189,P00269,cart,2024-04-01T19:41:00
E000622,C000243,P00292,view,2024-04-01T19:51:00
E002454,C000389,P00421,cart,2024-04-01T20:51:00
E004906,C000111,P00298,view,2024-04-01T21:11:00
E000529,C000241,P00425,view,2024-04-01T21:26:00
E001745,C000339,P00340,cart,2024-04-01T21:56:00
E005842,C000422,P00330,view,2024-04-01T22:47:00
E001626,C000163,P00388,purchase,2024-04-01T22:51:00
E001898,C000557,P00149,cart,2024-04-01T23:44:00
E000431,C000289,P00287,purchase,2024-04-02T00:02:00
E003773,C000566,P00302,view,2024-04-02T00:05:00
E003561,C000365,P00187,cart,2024-04-02T00:39:00
E003097,C000024,P00441,view,2024-04-02T00:42:00
E005381,C000700,P00404,view,2024-04-02T01:26:00
E005174,C000000,P00446,view,2024-04-02T02:46:00
E002535,C000281,P00042,view,2024-04-02T02:56:00
E005180,C000763,P00429,cart,2024-04-02T03:03:00
E002311,C000539,P00085,view,2024-04-02T03:18:00
E003065,C000277,P00472,purchase,2024-04-02T03:35:00
E002774,C000390,P00243,view,2024-04-02T03:37:00
E000555,C000139,P00413,view,2024-04-02T04:12:00
E002813,C000111,P00065,view,2024-04-02T04:31:00
E004970,C000047,P00331,view,2024-04-02T04:40:00
E000480,C000201,P00431,view,2024-04-02T05:05:00
E005561,C000024,P00484,purchase,2024-04-02T05:08:00
E003669,C000198,P00179,view,2024-04-02T05:15:00
E002353,C000474,P00427,cart,2024-04-02T05:38:00
E005272,C000480,P00277,view,2024-04-02T06:21:00
E001765,C000305,P00403,view,2024-04-02T06:29:00
E005790,C000201,P00474,cart,2024-04-02T06:31:00
E002875,C000379,P00386,view,2024-04-02T07:29:00
E001286,C000661,P00485,cart,2024-04-02T08:30:00
E005325,C000253,P00167,cart,2024-04-02T09:47:00
E004794,C000137,P00412,view,2024-04-02T09:54:00
E005563,C000734,P00451,view,2024-04-02T10:02:00
E005687,C000261,P00328,view,2024-04-02T10:43:00
E001635,C000171,P00006,view,2024-04-02T11:29:00
E002241,C000177,P00147,view,2024-04-02T11:36:00
E004988,C000604,P00308,view,2024-04-02T12:00:00
E004407,C000483,P00238,purchase,2024-04-02T12:06:00
E005414,C000646,P00004,view,2024-04-02T12:28:00
E005137,C000340,P00209,view,2024-04-02T12:39:00
E004305,C000085,P00302,view,2024-04-02T12:51:00
E005083,C000627,P00374,purchase,2024-04-02T13:08:00
E000302,C000468,P00385,purchase,2024-04-02T13:13:00
E002445,C000526,P00370,view,2024-04-02T14:32:00
E003307,C000076,P00223,purchase,2024-04-02T15:04:00
E004224,C000169,P00295,view,2024-04-02T15:29:00
E001980,C000280,P00016,view,2024-04-02T16:01:00
E000440,C000195,P00013,purchase,2024-04-02T16:04:00
E001516,C000527,P00445,view,2024-04-02T16:46:00
E004655,C000631,P00457,cart,2024-04-02T17:19:00
E001861,C000023,P00289,view,2024-04-02T17:46:00
E003303,C000368,P00407,view,2024-04-02T17:50:00
E002710,C000737,P00102,view,2024-04-02T17:53:00
E001752,C000337,P00168,view,2024-04-02T18:30:00
E005349,C000464,P00138,view,2024-04-02T19:14:00
E004712,C000499,P00031,view,2024-04-02T19:19:00
E004972,C000790,P00036,view,2024-04-02T19:43:00
E002495,C000427,P00157,cart,2024-04-02T20:15:00
E001140,C000518,P00427,view,2024-04-02T20:18:00
E005879,C000657,P00092,view,2024-04-02T20:26:00
E005047,C000319,P00467,view,2024-04-02T21:12:00
E002224,C000693,P00066,view,2024-04-02T21:44:00
E002366,C000589,P00148,view,2024-04-02T21:45:00
E000236,C000506,P00298,purchase,2024-04-02T22:03:00
E000576,C000596,P00416,view,2024-04-02T22:09:00
E005537,C000327,P00181,view,2024-04-02T22:50:00
E002839,C000766,P00455,view,2024-04-02T22:54:00
E005718,C000524,P00315,view,2024-04-02T23:19:00
E000653,C000618,P00070,view,2024-04-02T23:20:00
E001471,C000470,P00374,view,2024-04-02T23:27:00
E005123,C000559,P00338,view,2024-04-03T00:06:00
E000031,C000312,P00345,view,2024-04-03T00:16:00
E000924,C000592,P00418,cart,2024-04-03T00:56:00
E001058,C000473,P00009,cart,2024-04-03T01:17:00
E001436,C000588,P00069,view,2024-04-03T01:52:00
E001997,C000612,P00096,view,2024-04-03T03:12:00
E003553,C000738,P00436,view,2024-04-03T03:52:00
E005955,C000727,P00099,purchase,2024-04-03T04:00:00
E000588,C000055,P00446,view,2024-04-03T04:06:00
E002365,C000022,P00396,view,2024-04-03T05:09:00
E001237,C000387,P00250,view,2024-04-03T06:00:00
E005877,C000782,P00325,view,2024-04-03T06:13:00
E003820,C000129,P00440,cart,2024-04-03T06:15:00
E005544,C000187,P00199,view,2024-04-03T06:19:00
E000167,C000453,P00074,view,2024-04-03T06:25:00
E002555,C000706,P00289,view,2024-04-03T07:28:00
E004329,C000168,P00331,cart,2024-04-03T07:56:00
E002725,C000662,P00424,purchase,2024-04-03T08:31:00
E000771,C000495,P00374,view,2024-04-03T10:03:00
E000737,C000189,P00098,cart,2024-04-03T10:23:00
E004960,C000153,P00032,purchase,2024-04-03T10:25:00
E004730,C000295,P00327,cart,2024-04-03T10:51:00
E001493,C000708,P00135,purchase,2024-04-03T10:51:00
E002426,C000522,P00411,purchase,2024-04-03T11:29:00
E000807,C000447,P00362,purchase,2024-04-03T11:38:00
E005255,C000547,P00486,view,2024-04-03T12:04:00
E003485,C000441,P00378,view,2024-04-03T13:29:00
E003523,C000436,P00097,view,2024-04-03T13:30:00
E002263,C000348,P00248,cart,2024-04-03T13:38:00
E004153,C000692,P00028,purchase,2024-04-03T14:04:00
E002496,C000095,P00343,view,2024-04-03T14:08:00
E003586,C000619,P00452,view,2024-04-03T14:53:00
E001375,C000589,P00461,purchase,2024-04-03T15:11:00
E003711,C000471,P00454,view,2024-04-03T15:53:00
E003292,C000637,P00008,view,2024-04-03T16:33:00
E003002,C000202,P00002,cart,2024-04-03T17:05:00
E002542,C000587,P00350,view,2024-04-03T17:28:00
E003305,C000416,P00143,purchase,2024-04-03T17:45:00
E003679,C000692,P00396,purchase,2024-04-03T17:58:00
E005913,C000327,P00228,view,2024-04-03T17:58:00
E005697,C000657,P00049,view,2024-04-03T18:29:00
E005383,C000614,P00331,view,2024-04-03T18:51:00
E002619,C000438,P00305,view,2024-04-03T19:30:00
E003807,C000214,P00084,view,2024-04-03T19:52:00
E003087,C000267,P00356,view,2024-04-03T19:53:00
E005068,C000505,P00427,view,2024-04-03T20:17:00
E001067,C000389,P00257,view,2024-04-03T20:26:00
E002982,C000508,P00435,view,2024-04-03T21:37:00
E004576,C000436,P00345,purchase,2024-04-03T22:03:00
E001603,C000653,P00242,cart,2024-04-03T22:27:00
E002028,C000748,P00120,view,2024-04-03T22:59:00
E002547,C000164,P00259,purchase,2024-04-03T23:08:00
E002749,C000127,P00432,purchase,2024-04-03T23:28:00
E000803,C000419,P00327,view,2024-04-03T23:30:00
E001487,C000549,P00462,purchase,2024-04-03T23:36:00
E004367,C000469,P00429,view,2024-04-03T23:46:00
E001333,C000367,P00201,view,2024-04-04T00:07:00
E001623,C000175,P00280,cart,2024-04-04T00:19:00
E004751,C000245,P00186,view,2024-04-04T01:45:00
E005830,C000455,P00232,purchase,2024-04-04T02:32:00
E001170,C000415,P00114,view,2024-04-04T02:50:00
E005832,C000314,P00490,view,2024-04-04T03:32:00
E003741,C000111,P00432,purchase,2024-04-04T04:06:00
E004579,C000018,P00024,cart,2024-04-04T04:38:00
E005138,C000127,P00339,view,2024-04-04T05:19:00
E001417,C000697,P00088,view,2024-04-04T06:03:00
E003659,C000629,P00244,view,2024-04-04T06:28:00
E001444,C000157,P00192,view,2024-04-04T06:43:00
E002755,C000747,P00463,purchase,2024-04-04T07:02:00
E005828,C000258,P00441,view,2024-04-04T07:56:00
E004074,C000234,P00154,view,2024-04-04T08:16:00
E003041,C000548,P00037,view,2024-04-04T08:30:00
E004494,C000536,P00178,cart,2024-04-04T08:54:00
E004999,C000048,P00110,view,2024-04-04T08:56:00
E001977,C000003,P00187,view,2024-04-04T09:41:00
E002840,C000495,P00233,cart,2024-04-04T09:50:00
E005498,C000159,P00377,view,2024-04-04T10:45:00
E004826,C000777,P00413,view,2024-04-04T10:48:00
E002572,C000349,P00222,cart,2024-04-04T10:50:00
E005581,C000643,P00241,view,2024-04-04T11:20:00
E001307,C000425,P00016,view,2024-04-04T11:30:00
E001381,C000473,P00476,view,2024-04-04T13:17:00
E003658,C000274,P00152,view,2024-04-04T13:33:00
E000014,C000084,P00113,cart,2024-04-04T14:29:00
E002151,C000705,P00259,view,2024-04-04T15:58:00
E002971,C000475,P00238,view,2024-04-04T16:10:00
E004250,C000123,P00259,cart,2024-04-04T16:36:00
E003243,C000794,P00387,view,2024-04-04T17:00:00
E004864,C000073,P00104,view,2024-04-04T17:20:00
E005402,C000764,P00180,view,2024-04-04T17:40:00
E002581,C000645,P00399,view,2024-04-04T17:50:00
E002671,C000129,P00486,view,2024-04-04T17:57:00
E004120,C000467,P00241,cart,2024-04-04T18:07:00
E002222,C000276,P00466,view,2024-04-04T18:13:00
E002688,C000114,P00475,cart,2024-04-04T18:23:00
E002489,C000175,P00115,purchase,2024-04-04T19:04:00
E002395,C000047,P00162,view,2024-04-04T20:20:00
E002105,C000138,P00250,purchase,2024-04-04T20:23:00
E003948,C000075,P00442,purchase,2024-04-04T21:04:00
E003536,C000740,P00383,view,2024-04-04T21:42:00
E005127,C000712,P00039,view,2024-04-04T21:53:00
E001099,C000621,P00344,view,2024-04-04T21:53:00
E004557,C000691,P00451,view,2024-04-04T22:32:00
E004297,C000202,P00383,view,2024-04-04T22:33:00
E002989,C000486,P00449,purchase,2024-04-04T22:46:00
E003894,C000460,P00403,view,2024-04-04T23:02:00
E003574,C000667,P00475,view,2024-04-04T23:46:00
E005901,C000317,P00200,view,2024-04-05T00:13:00
E001374,C000358,P00110,purchase,2024-04-05T00:29:00
E001501,C000323,P00220,view,2024-04-05T01:51:00
E005616,C000680,P00427,cart,2024-04-05T02:11:00
E001428,C000092,P00065,view,2024-04-05T02:36:00
E002416,C000557,P00007,view,2024-04-05T03:18:00
E005836,C000080,P00256,purchase,2024-04-05T03:26:00
E003642,C000618,P00315,cart,2024-04-05T03:28:00
E005061,C000374,P00151,view,2024-04-05T03:32:00
E003180,C000787,P00098,cart,2024-04-05T04:09:00
E005644,C000637,P00381,view,2024-04-05T04:20:00
E005988,C000213,P00334,view,2024-04-05T04:21:00
E005227,C000717,P00225,view,2024-04-05T04:25:00
E005960,C000266,P00020,view,2024-04-05T04:48:00
E003447,C000682,P00095,view,2024-04-05T04:56:00
E004796,C000506,P00488,view,2024-04-05T05:06:00
E001979,C000486,P00105,cart,2024-04-05T05:13:00
E003527,C000364,P00229,view,2024-04-05T05:17:00
E000368,C000777,P00286,view,2024-04-05T05:18:00
E005541,C000650,P00371,view,2024-04-05T06:24:00
E002543,C000116,P00310,view,2024-04-05T07:39:00
E002744,C000021,P00213,view,2024-04-05T08:06:00
E003410,C000796,P00455,cart,2024-04-05T08:09:00
E003693,C000336,P00479,view,2024-04-05T08:22:00
E001125,C000311,P00368,view,2024-04-05T08:52:00
E001392,C000642,P00208,view,2024-04-05T09:00:00
E005778,C000540,P00197,view,2024-04-05T09:18:00
E003005,C000703,P00069,view,2024-04-05T09:43:00
E000649,C000512,P00048,view,2024-04-05T09:52:00
E003364,C000444,P00105,view,2024-04-05T09:58:00
E001030,C000543,P00381,cart,2024-04-05T10:24:00
E001868,C000727,P00102,view,2024-04-05T11:32:00
E001607,C000407,P00131,purchase,2024-04-05T12:14:00
E002941,C000206,P00427,cart,2024-04-05T12:40:00
E003189,C000269,P00403,view,2024-04-05T13:16:00
E001926,C000483,P00166,view,2024-04-05T13:29:00
E000191,C000479,P00082,view,2024-04-05T15:35:00
E003934,C000157,P00272,view,2024-04-05T15:59:00
E004984,C000669,P00440,view,2024-04-05T16:22:00
E003238,C000079,P00422,view,2024-04-05T16:24:00
E004360,C000355,P00458,view,2024-04-05T16:45:00
E001460,C000132,P00098,purchase,2024-04-05T17:05:00
E004717,C000762,P00196,view,2024-04-05T17:17:00
E000009,C000535,P00114,view,2024-04-05T18:13:00
E005285,C000032,P00012,view,2024-04-05T18:25:00
E001022,C000005,P00250,view,2024-04-05T18:51:00
E002759,C000326,P00398,view,2024-04-05T19:13:00
E004857,C000414,P00136,purchase,2024-04-05T19:15:00
E001660,C000658,P00117,view,2024-04-05T19:18:00
E001092,C000164,P00098,purchase,2024-04-05T19:32:00
E003637,C000550,P00430,view,2024-04-05T20:46:00
E001784,C000332,P00339,cart,2024-04-05T21:51:00
E004874,C000755,P00351,view,2024-04-05T22:10:00
E004045,C000075,P00031,view,2024-04-05T22:37:00
E000714,C000274,P00421,view,2024-04-05T22:41:00
E000103,C000700,P00168,view,2024-04-05T22:42:00
E001439,C000510,P00259,view,2024-04-05T22:44:00
E000201,C000072,P00108,cart,2024-04-05T23:19:00
E003916,C000159,P00171,cart,2024-04-06T00:20:00
E000874,C000260,P00464,view,2024-04-06T00:30:00
E003054,C000013,P00478,purchase,2024-04-06T00:43:00
E002408,C000153,P00229,view,2024-04-06T01:06:00
E002261,C000476,P00041,cart,2024-04-06T01:13:00
E004813,C000770,P00331,view,2024-04-06T01:15:00
E005883,C000564,P00426,view,2024-04-06T01:17:00
E002010,C000273,P00449,purchase,2024-04-06T02:11:00
E002947,C000105,P00179,purchase,2024-04-06T03:19:00
E005231,C000279,P00494,view,2024-04-06T04:02:00
E005496,C000772,P00151,purchase,2024-04-06T04:23:00
E000553,C000742,P00283,cart,2024-04-06T04:24:00
E002663,C000499,P00376,view,2024-04-06T04:58:00
E004643,C000743,P00406,view,2024-04-06T05:26:00
E002615,C000085,P00178,cart,2024-04-06T05:48:00
E001649,C000189,P00109,view,2024-04-06T06:42:00
E005052,C000634,P00088,view,2024-04-06T06:50:00
E003850,C000040,P00205,purchase,2024-04-06T07:18:00
E001851,C000251,P00296,view,2024-04-06T07:47:00
E001053,C000140,P00217,cart,2024-04-06T07:50:00
E005957,C000215,P00104,view,2024-04-06T08:13:00
E001311,C000734,P00183,view,2024-04-06T08:20:00
E003185,C000776,P00120,purchase,2024-04-06T08:43:00
E000838,C000127,P00172,view,2024-04-06T08:44:00
E004359,C000454,P00267,view,2024-04-06T09:56:00
E004469,C000468,P00237,view,2024-04-06T10:10:00
E000439,C000102,P00336,cart,2024-04-06T10:12:00
E003652,C000399,P00343,view,2024-04-06T10:14:00
E002269,C000632,P00188,view,2024-04-06T10:35:00
E000879,C000333,P00397,view,2024-04-06T10:37:00
E005488,C000450,P00123,view,2024-04-06T10:45:00
E002144,C000701,P00460,view,2024-04-06T11:22:00
E001579,C000702,P00098,cart,2024-04-06T13:09:00
E000475,C000001,P00285,cart,2024-04-06T13:12:00
E001733,C000464,P00076,cart,2024-04-06T14:21:00
E002292,C000459,P00033,view,2024-04-06T14:53:00
E002977,C000424,P00179,purchase,2024-04-06T15:05:00
E001452,C000545,P00128,view,2024-04-06T15:48:00
E005140,C000323,P00297,cart,2024-04-06T16:43:00
E003756,C000470,P00238,view,2024-04-06T16:51:00
E002703,C000751,P00191,view,2024-04-06T16:59:00
E004661,C000686,P00285,view,2024-04-06T18:23:00
E002488,C000116,P00353,view,2024-04-06T18:42:00
E005904,C000069,P00199,purchase,2024-04-06T18:52:00
E003815,C000650,P00361,view,2024-04-06T19:24:00
E000318,C000303,P00468,view,2024-04-06T20:06:00
E005429,C000738,P00032,view,2024-04-06T20:58:00
E000608,C000380,P00379,cart,2024-04-06T20:58:00
E002321,C000128,P00346,view,2024-04-06T21:00:00
E000064,C000745,P00041,view,2024-04-06T21:06:00
E004358,C000091,P00166,view,2024-04-06T21:23:00
E002088,C000535,P00143,view,2024-04-06T21:35:00
E000785,C000313,P00299,cart,2024-04-06T22:11:00
E005475,C000314,P00471,cart,2024-04-06T22:13:00
E001372,C000664,P00432,view,2024-04-06T22:37:00
E001277,C000639,P00307,purchase,2024-04-06T22:51:00
E004807,C000181,P00312,cart,2024-04-06T23:02:00
E000138,C000681,P00438,view,2024-04-06T23:03:00
E000081,C000083,P00458,view,2024-04-06T23:42:00
E005505,C000409,P00072,cart,2024-04-07T00:01:00
E003411,C000093,P00282,cart,2024-04-07T00:18:00
E002738,C000361,P00305,view,2024-04-07T00:19:00
E005833,C000568,P00022,cart,2024-04-07T01:16:00
E003949,C000125,P00340,view,2024-04-07T03:29:00
E005886,C000494,P00038,cart,2024-04-07T03:29:00
E005150,C000115,P00422,purchase,2024-04-07T03:32:00
E005424,C000047,P00470,cart,2024-04-07T03:34:00
E001012,C000664,P00322,view,2024-04-07T03:40:00
E003882,C000789,P00075,purchase,2024-04-07T04:33:00
E000562,C000717,P00143,view,2024-04-07T04:55:00
E004725,C000415,P00206,view,2024-04-07T04:57:00
E003035,C000468,P00030,cart,2024-04-07T05:04:00
E001033,C000303,P00361,cart,2024-04-07T05:11:00
E002193,C000407,P00028,view,2024-04-07T06:14:00
E003999,C000516,P00456,view,2024-04-07T06:14:00
E005736,C000170,P00099,view,2024-04-07T06:58:00
E000343,C000297,P00432,purchase,2024-04-07T07:09:00
E001632,C000021,P00234,view,2024-04-07T07:20:00
E001899,C000040,P00287,view,2024-04-07T08:00:00
E003727,C000477,P00405,view,2024-04-07T08:21:00
E003771,C000241,P00271,purchase,2024-04-07T10:31:00
E001640,C000424,P00456,view,2024-04-07T11:04:00
E005077,C000154,P00354,view,2024-04-07T11:08:00
E001941,C000332,P00003,view,2024-04-07T11:53:00
E005084,C000437,P00239,view,2024-04-07T13:39:00
E005681,C000162,P00239,view,2024-04-07T14:04:00
E001221,C000429,P00483,view,2024-04-07T14:05:00
E002665,C000632,P00382,purchase,2024-04-07T15:19:00
E001625,C000616,P00483,view,2024-04-07T16:26:00
E003306,C000126,P00099,cart,2024-04-07T19:08:00
E005590,C000474,P00139,cart,2024-04-07T19:10:00
E003309,C000394,P00447,view,2024-04-07T19:36:00
E001189,C000050,P00130,view,2024-04-07T19:50:00
E004900,C000242,P00000,purchase,2024-04-07T21:02:00
E004125,C000206,P00344,view,2024-04-07T21:15:00
E001873,C000632,P00166,view,2024-04-07T21:21:00
E002023,C000701,P00186,cart,2024-04-07T21:50:00
E001735,C000571,P00432,view,2024-04-07T21:53:00
E004171,C000753,P00426,view,2024-04-07T21:56:00
E005506,C000296,P00475,view,2024-04-07T22:07:00
E000574,C000034,P00064,cart,2024-04-07T22:51:00
E003758,C000500,P00128,purchase,2024-04-07T22:52:00
E005400,C000218,P00221,cart,2024-04-08T00:27:00
E001261,C000173,P00264,view,2024-04-08T01:13:00
E001296,C000638,P00043,view,2024-04-08T01:30:00
E004787,C000191,P00419,cart,2024-04-08T01:56:00
E003147,C000291,P00018,view,2024-04-08T03:13:00
E004992,C000420,P00134,cart,2024-04-08T03:51:00
E000547,C000663,P00086,view,2024-04-08T04:02:00
E000093,C000114,P00246,view,2024-04-08T05:17:00
E001123,C000226,P00202,view,2024-04-08T05:32:00
E003950,C000683,P00245,cart,2024-04-08T05:35:00
E000400,C000424,P00179,purchase,2024-04-08T05:39:00
E002067,C000264,P00041,view,2024-04-08T05:52:00
E005977,C000748,P00362,view,2024-04-08T06:16:00
E005479,C000646,P00075,view,2024-04-08T07:11:00
E004498,C000318,P00207,purchase,2024-04-08T08:34:00
E000909,C000079,P00360,cart,2024-04-08T09:49:00
E004238,C000794,P00087,cart,2024-04-08T09:49:00
E001698,C000400,P00361,view,2024-04-08T10:25:00
E002787,C000463,P00273,view,2024-04-08T10:29:00
E001721,C000155,P00473,cart,2024-04-08T10:30:00
E002782,C000424,P00132,view,2024-04-08T10:30:00
E000829,C000793,P00004,purchase,2024-04-08T11:43:00
E001857,C000013,P00389,view,2024-04-08T12:19:00
E005050,C000784,P00363,view,2024-04-08T12:27:00
E001953,C000381,P00036,view,2024-04-08T13:09:00
E003118,C000538,P00329,cart,2024-04-08T13:31:00
E003737,C000471,P00256,view,2024-04-08T13:56:00
E003804,C000132,P00034,view,2024-04-08T14:31:00
E004626,C000110,P00164,view,2024-04-08T14:38:00
E003903,C000006,P00049,view,2024-04-08T14:44:00
E001808,C000759,P00255,view,2024-04-08T14:44:00
E002084,C000735,P00427,view,2024-04-08T15:17:00
E005589,C000777,P00023,view,2024-04-08T16:34:00
E000469,C000031,P00115,cart,2024-04-08T16:41:00
E004744,C000202,P00381,purchase,2024-04-08T17:02:00
E000609,C000056,P00241,view,2024-04-08T17:30:00
E004034,C000272,P00260,view,2024-04-08T17:45:00
E000424,C000115,P00316,cart,2024-04-08T18:49:00
E002136,C000044,P00108,cart,2024-04-08T19:17:00
E000036,C000795,P00349,view,2024-04-08T19:37:00
E003439,C000615,P00194,purchase,2024-04-08T19:45:00
E000293,C000078,P00150,purchase,2024-04-08T21:17:00
E002637,C000646,P00490,view,2024-04-08T21:42:00
E003863,C000645,P00028,cart,2024-04-08T22:04:00
E002685,C000632,P00408,purchase,2024-04-08T22:19:00
E005570,C000198,P00148,view,2024-04-08T22:20:00
E000354,C000353,P00202,view,2024-04-08T22:57:00
E002296,C000672,P00368,view,2024-04-08T22:57:00
E002435,C000635,P00166,view,2024-04-08T23:24:00
E005908,C000134,P00379,purchase,2024-04-08T23:41:00
E003993,C000388,P00383,view,2024-04-09T00:26:00
E000746,C000111,P00492,purchase,2024-04-09T00:35:00
E001609,C000775,P00437,view,2024-04-09T00:38:00
E005872,C000722,P00242,view,2024-04-09T01:14:00
E003556,C000216,P00389,view,2024-04-09T01:55:00
E002197,C000251,P00091,cart,2024-04-09T02:57:00
E005791,C000308,P00339,purchase,2024-04-09T03:22:00
E000127,C000039,P00118,purchase,2024-04-09T03:39:00
E002887,C000594,P00042,view,2024-04-09T04:11:00
E001376,C000676,P00320,view,2024-04-09T04:25:00
E002914,C000636,P00185,cart,2024-04-09T04:34:00
E003186,C000321,P00209,view,2024-04-09T04:38:00
E002308,C000202,P00339,view,2024-04-09T05:17:00
E003299,C000487,P00175,view,2024-04-09T05:25:00
E005594,C000508,P00334,view,2024-04-09T06:11:00
E000780,C000361,P00471,view,2024-04-09T06:36:00
E001162,C000126,P00034,view,2024-04-09T07:35:00
E005835,C000176,P00298,view,2024-04-09T07:36:00
E004532,C000161,P00231,view,2024-04-09T08:12:00
E004239,C000287,P00162,view,2024-04-09T08:31:00
E002236,C000218,P00019,view,2024-04-09T08:36:00
E002998,C000725,P00094,view,2024-04-09T08:42:00
E003565,C000425,P00433,cart,2024-04-09T08:45:00
E000145,C000716,P00318,cart,2024-04-09T09:16:00
E000413,C000630,P00240,view,2024-04-09T09:28:00
E000178,C000598,P00110,view,2024-04-09T09:42:00
E003030,C000563,P00463,cart,2024-04-09T10:35:00
E003576,C000167,P00440,view,2024-04-09T11:02:00
E000467,C000762,P00272,purchase,2024-04-09T11:03:00
E001693,C000413,P00321,cart,2024-04-09T11:37:00
E003541,C000715,P00328,view,2024-04-09T12:07:00
E000208,C000102,P00475,view,2024-04-09T13:17:00
E001209,C000292,P00415,view,2024-04-09T14:25:00
E000050,C000429,P00429,view,2024-04-09T15:19:00
E005539,C000186,P00217,view,2024-04-09T15:53:00
E002657,C000349,P00148,view,2024-04-09T16:40:00
E003849,C000274,P00043,view,2024-04-09T16:41:00
E003721,C000248,P00462,view,2024-04-09T16:46:00
E005182,C000155,P00115,cart,2024-04-09T17:03:00
E002487,C000548,P00242,view,2024-04-09T17:15:00
E005396,C000758,P00163,view,2024-04-09T17:58:00
E001036,C000471,P00221,view,2024-04-09T18:22:00
E003897,C000161,P00198,view,2024-04-09T19:58:00
E004786,C000095,P00145,view,2024-04-09T21:09:00
E000519,C000326,P00460,view,2024-04-09T21:11:00
E005368,C000724,P00149,cart,2024-04-09T21:28:00
E004060,C000686,P00250,cart,2024-04-09T21:35:00
E003590,C000798,P00351,cart,2024-04-09T22:10:00
E003241,C000094,P00164,cart,2024-04-09T23:34:00
E002719,C000447,P00243,view,2024-04-09T23:40:00
E002457,C000401,P00019,cart,2024-04-10T00:04:00
E005996,C000744,P00361,purchase,2024-04-10T00:33:00
E003772,C000353,P00376,purchase,2024-04-10T00:39:00
E004982,C000120,P00287,view,2024-04-10T00:59:00
E005405,C000365,P00049,cart,2024-04-10T01:05:00
E005468,C000597,P00390,view,2024-04-10T01:17:00
E000394,C000536,P00174,view,2024-04-10T02:48:00
E001026,C000093,P00204,purchase,2024-04-10T02:58:00
E004990,C000619,P00428,view,2024-04-10T03:12:00
E002979,C000123,P00349,view,2024-04-10T03:46:00
E002950,C000511,P00214,view,2024-04-10T04:03:00
E002916,C000159,P00059,view,2024-04-10T04:07:00
E000905,C000322,P00483,view,2024-04-10T04:12:00
E002355,C000780,P00261,cart,2024-04-10T04:19:00
E005844,C000182,P00122,purchase,2024-04-10T04:56:00
E001892,C000698,P00304,purchase,2024-04-10T05:38:00
E002072,C000157,P00482,view,2024-04-10T05:40:00
E005314,C000405,P00346,cart,2024-04-10T06:41:00
E000512,C000612,P00090,view,2024-04-10T06:53:00
E002437,C000711,P00475,view,2024-04-10T07:17:00
E002140,C000420,P00288,view,2024-04-10T07:19:00
E005640,C000678,P00125,cart,2024-04-10T07:32:00
E005096,C000676,P00142,view,2024-04-10T09:37:00
E003195,C000307,P00446,view,2024-04-10T09:45:00
E005441,C000286,P00175,cart,2024-04-10T09:46:00
E000453,C000600,P00450,purchase,2024-04-10T09:53:00
E003381,C000568,P00078,cart,2024-04-10T10:54:00
E002785,C000598,P00360,view,2024-04-10T11:42:00
E001687,C000519,P00100,view,2024-04-10T11:59:00
E003650,C000738,P00301,view,2024-04-10T11:59:00
E005104,C000316,P00035,view,2024-04-10T12:15:00
E002499,C000740,P00025,view,2024-04-10T12:20:00
E005451,C000039,P00017,view,2024-04-10T12:26:00
E005635,C000722,P00490,view,2024-04-10T12:38:00
E001875,C000710,P00037,view,2024-04-10T13:03:00
E000131,C000137,P00257,view,2024-04-10T13:08:00
E003262,C000540,P00380,view,2024-04-10T13:08:00
E005851,C000742,P00199,view,2024-04-10T13:21:00
E002361,C000457,P00142,view,2024-04-10T13:25:00
E000493,C000318,P00020,purchase,2024-04-10T14:06:00
E003715,C000561,P00452,view,2024-04-10T15:11:00
E003172,C000266,P00249,purchase,2024-04-10T15:32:00
E004455,C000778,P00082,view,2024-04-10T16:13:00
E002917,C000752,P00357,view,2024-04-10T16:55:00
E003831,C000724,P00174,view,2024-04-10T16:58:00
E003791,C000116,P00090,cart,2024-04-10T17:28:00
E002676,C000240,P00449,view,2024-04-10T17:53:00
E000044,C000761,P00398,view,2024-04-10T18:01:00
E004777,C000547,P00490,view,2024-04-10T18:15:00
E003477,C000089,P00362,view,2024-04-10T18:26:00
E001896,C000095,P00041,purchase,2024-04-10T18:43:00
E005412,C000313,P00136,view,2024-04-10T18:51:00
E004484,C000723,P00373,view,2024-04-10T19:33:00
E001185,C000492,P00197,purchase,2024-04-10T21:02:00
E005210,C000735,P00217,view,2024-04-10T21:38:00
E004980,C000499,P00285,cart,2024-04-10T22:14:00
E004543,C000418,P00239,view,2024-04-10T22:28:00
E003689,C000644,P00163,view,2024-04-10T23:20:00
E005026,C000240,P00435,view,2024-04-10T23:58:00
E004929,C000403,P00084,view,2024-04-11T00:03:00
E003045,C000294,P00180,view,2024-04-11T00:59:00
E005252,C000272,P00319,purchase,2024-04-11T01:05:00
E003301,C000567,P00270,purchase,2024-04-11T01:29:00
E005569,C000637,P00490,view,2024-04-11T01:39:00
E005269,C000639,P00185,purchase,2024-04-11T01:47:00
E002712,C000630,P00088,purchase,2024-04-11T02:04:00
E005976,C000176,P00447,view,2024-04-11T02:09:00
E005168,C000401,P00410,view,2024-04-11T02:38:00
E001007,C000568,P00046,view,2024-04-11T02:49:00
E002265,C000754,P00073,view,2024-04-11T03:33:00
E004841,C000429,P00292,view,2024-04-11T03:52:00
E002369,C000611,P00022,view,2024-04-11T04:03:00
E004138,C000661,P00120,purchase,2024-04-11T04:17:00
E001627,C000536,P00359,view,2024-04-11T04:44:00
E005574,C000770,P00156,view,2024-04-11T05:45:00
E000637,C000425,P00293,purchase,2024-04-11T06:09:00
E001591,C000617,P00403,view,2024-04-11T06:18:00
E005490,C000422,P00171,cart,2024-04-11T06:38:00
E001317,C000113,P00057,cart,2024-04-11T07:11:00
E004525,C000365,P00291,view,2024-04-11T07:35:00
E005423,C000658,P00133,cart,2024-04-11T07:40:00
E003404,C000615,P00356,view,2024-04-11T08:57:00
E000418,C000615,P00457,view,2024-04-11T09:30:00
E004207,C000552,P00289,view,2024-04-11T09:43:00
E002583,C000641,P00196,cart,2024-04-11T09:44:00
E001046,C000282,P00381,view,2024-04-11T10:08:00
E001337,C000617,P00338,view,2024-04-11T10:46:00
E005398,C000590,P00103,view,2024-04-11T11:21:00
E000282,C000616,P00001,cart,2024-04-11T13:10:00
E005755,C000756,P00089,purchase,2024-04-11T13:38:00
E001588,C000142,P00276,view,2024-04-11T13:44:00
E001846,C000751,P00153,view,2024-04-11T16:02:00
E002150,C000226,P00182,cart,2024-04-11T16:13:00
E001582,C000037,P00065,view,2024-04-11T16:37:00
E001154,C000194,P00341,view,2024-04-11T17:09:00
E004160,C000798,P00351,view,2024-04-11T17:22:00
E005333,C000378,P00124,view,2024-04-11T18:07:00
E001116,C000609,P00147,cart,2024-04-11T18:22:00
E002739,C000786,P00371,view,2024-04-11T19:35:00
E004311,C000576,P00026,view,2024-04-11T20:38:00
E005276,C000528,P00027,purchase,2024-04-11T20:46:00
E000390,C000089,P00144,view,2024-04-11T21:11:00
E002734,C000304,P00018,view,2024-04-11T21:28:00
E004607,C000580,P00008,purchase,2024-04-11T23:07:00
E005583,C000685,P00146,cart,2024-04-11T23:09:00
E000891,C000408,P00331,view,2024-04-11T23:25:00
E005093,C000476,P00465,view,2024-04-11T23:52:00
E003115,C000554,P00051,view,2024-04-12T00:23:00
E002617,C000122,P00194,cart,2024-04-12T00:59:00
E002459,C000768,P00496,view,2024-04-12T01:23:00
E001135,C000636,P00092,purchase,2024-04-12T01:54:00
E004170,C000716,P00372,view,2024-04-12T02:20:00
E002007,C000210,P00300,view,2024-04-12T03:19:00
E001955,C000756,P00271,cart,2024-04-12T03:37:00
E000144,C000695,P00020,view,2024-04-12T03:38:00
E001906,C000037,P00266,view,2024-04-12T03:50:00
E000463,C000661,P00325,view,2024-04-12T04:34:00
E002807,C000496,P00369,cart,2024-04-12T04:48:00
E000116,C000141,P00190,purchase,2024-04-12T04:53:00
E003657,C000042,P00141,cart,2024-04-12T05:44:00
E003105,C000173,P00309,purchase,2024-04-12T05:44:00
E002859,C000680,P00082,view,2024-04-12T05:51:00
E001688,C000080,P00084,view,2024-04-12T06:23:00
E000582,C000082,P00032,view,2024-04-12T08:52:00
E002069,C000720,P00269,purchase,2024-04-12T09:14:00
E004376,C000526,P00166,view,2024-04-12T10:16:00
E001506,C000519,P00423,purchase,2024-04-12T10:53:00
E000882,C000791,P00028,cart,2024-04-12T11:44:00
E002775,C000623,P00358,view,2024-04-12T12:17:00
E001983,C000256,P00373,view,2024-04-12T12:58:00
E004143,C000457,P00086,cart,2024-04-12T13:14:00
E005754,C000125,P00172,view,2024-04-12T13:37:00
E003830,C000628,P00465,view,2024-04-12T13:51:00
E000156,C000460,P00153,view,2024-04-12T13:51:00
E002329,C000687,P00073,cart,2024-04-12T15:10:00
E004561,C000372,P00413,purchase,2024-04-12T15:19:00
E001482,C000276,P00313,cart,2024-04-12T15:48:00
E005834,C000713,P00388,view,2024-04-12T17:32:00
E002115,C000351,P00011,purchase,2024-04-12T17:52:00
E002039,C000007,P00198,view,2024-04-12T18:19:00
E004186,C000747,P00292,cart,2024-04-12T18:21:00
E001246,C000629,P00176,view,2024-04-12T18:28:00
E005909,C000502,P00415,purchase,2024-04-12T19:20:00
E004015,C000458,P00276,view,2024-04-12T20:17:00
E002450,C000664,P00339,cart,2024-04-12T21:15:00
E003806,C000415,P00061,cart,2024-04-12T21:16:00
E003199,C000008,P00060,purchase,2024-04-12T21:41:00
E003864,C000150,P00325,cart,2024-04-12T22:44:00
E000346,C000348,P00101,view,2024-04-12T22:56:00
E000254,C000023,P00494,purchase,2024-04-12T23:09:00
E005030,C000187,P00327,cart,2024-04-12T23:18:00
E002142,C000241,P00187,view,2024-04-13T00:05:00
E004869,C000327,P00384,purchase,2024-04-13T00:09:00
E001319,C000280,P00382,view,2024-04-13T00:33:00
E005343,C000181,P00330,cart,2024-04-13T01:22:00
E003089,C000516,P00375,view,2024-04-13T01:53:00
E005112,C000036,P00200,cart,2024-04-13T02:04:00
E002127,C000168,P00395,view,2024-04-13T02:59:00
E005546,C000096,P00381,cart,2024-04-13T03:08:00
E001703,C000309,P00422,view,2024-04-13T03:11:00
E003632,C000259,P00034,view,2024-04-13T03:14:00
E000652,C000331,P00398,view,2024-04-13T03:21:00
E001232,C000364,P00038,cart,2024-04-13T03:58:00
E000985,C000384,P00176,purchase,2024-04-13T04:27:00
E001184,C000129,P00291,view,2024-04-13T05:11:00
E004863,C000104,P00154,purchase,2024-04-13T06:03:00
E003580,C000091,P00188,view,2024-04-13T07:05:00
E000948,C000562,P00030,view,2024-04-13T07:26:00
E000393,C000373,P00074,view,2024-04-13T07:42:00
E000444,C000497,P00224,purchase,2024-04-13T08:21:00
E002599,C000355,P00054,view,2024-04-13T08:57:00
E005459,C000608,P00435,view,2024-04-13T09:07:00
E003818,C000555,P00349,purchase,2024-04-13T09:25:00
E005642,C000765,P00464,view,2024-04-13T09:26:00
E003528,C000711,P00271,cart,2024-04-13T09:58:00
E003946,C000257,P00173,view,2024-04-13T10:16:00
E003390,C000150,P00381,view,2024-04-13T10:17:00
E002790,C000166,P00258,view,2024-04-13T10:50:00
E004649,C000703,P00333,purchase,2024-04-13T10:50:00
E004770,C000211,P00118,purchase,2024-04-13T10:57:00
E001931,C000485,P00484,view,2024-04-13T11:11:00
E003717,C000149,P00397,view,2024-04-13T11:16:00
E000513,C000432,P00214,view,2024-04-13T11:28:00
E002500,C000784,P00329,purchase,2024-04-13T11:29:00
E005822,C000726,P00307,cart,2024-04-13T12:07:00
E003433,C000486,P00492,view,2024-04-13T12:30:00
E003865,C000147,P00412,view,2024-04-13T13:05:00
E003178,C000411,P00221,cart,2024-04-13T14:26:00
E003788,C000166,P00342,view,2024-04-13T15:10:00
E002175,C000402,P00346,view,2024-04-13T15:20:00
E003347,C000123,P00037,cart,2024-04-13T15:29:00
E001730,C000790,P00455,purchase,2024-04-13T15:51:00
E003522,C000681,P00332,view,2024-04-13T16:50:00
E002480,C000467,P00349,purchase,2024-04-13T17:04:00
E001003,C000635,P00317,purchase,2024-04-13T18:13:00
E004761,C000417,P00159,cart,2024-04-13T19:23:00
E004151,C000692,P00263,purchase,2024-04-13T19:29:00
E002918,C000377,P00488,view,2024-04-13T19:48:00
E003092,C000102,P00476,view,2024-04-13T20:13:00
E005596,C000011,P00245,view,2024-04-13T20:44:00
E001065,C000307,P00000,view,2024-04-13T20:44:00
E002937,C000427,P00470,view,2024-04-13T21:05:00
E001998,C000124,P00491,purchase,2024-04-13T21:32:00
E001785,C000156,P00062,cart,2024-04-13T21:36:00
E001287,C000028,P00185,view,2024-04-13T21:50:00
E002655,C000095,P00091,purchase,2024-04-13T23:26:00
E002827,C000463,P00217,view,2024-04-13T23:36:00
E002816,C000506,P00429,view,2024-04-14T00:18:00
E000357,C000749,P00097,purchase,2024-04-14T00:30:00
E004031,C000358,P00084,purchase,2024-04-14T01:32:00
E002050,C000038,P00152,view,2024-04-14T01:53:00
E005259,C000533,P00411,view,2024-04-14T02:26:00
E003163,C000177,P00475,view,2024-04-14T03:02:00
E002027,C000756,P00490,cart,2024-04-14T03:15:00
E000867,C000377,P00290,purchase,2024-04-14T03:59:00
E000705,C000119,P00166,view,2024-04-14T05:09:00
E002631,C000745,P00249,view,2024-04-14T05:56:00
E005135,C000422,P00064,view,2024-04-14T07:29:00
E004680,C000528,P00184,view,2024-04-14T08:36:00
E000606,C000295,P00442,view,2024-04-14T09:26:00
E001268,C000486,P00313,cart,2024-04-14T10:20:00
E000285,C000793,P00191,view,2024-04-14T10:42:00
E000147,C000747,P00128,purchase,2024-04-14T11:44:00
E002307,C000626,P00128,view,2024-04-14T13:08:00
E004612,C000409,P00100,view,2024-04-14T13:48:00
E004237,C000431,P00065,purchase,2024-04-14T14:15:00
E002226,C000220,P00239,view,2024-04-14T14:44:00
E005675,C000323,P00366,view,2024-04-14T14:50:00
E001554,C000699,P00232,purchase,2024-04-14T15:07:00
E003573,C000475,P00182,view,2024-04-14T15:32:00
E000086,C000488,P00262,view,2024-04-14T16:05:00
E001141,C000088,P00404,view,2024-04-14T19:03:00
E000979,C000487,P00044,view,2024-04-14T19:08:00
E001589,C000635,P00170,view,2024-04-14T20:21:00
E000517,C000498,P00415,view,2024-04-14T21:01:00
E005319,C000651,P00044,view,2024-04-14T21:01:00
E004785,C000064,P00487,view,2024-04-14T21:37:00
E001320,C000693,P00263,view,2024-04-14T21:52:00
E004757,C000769,P00320,view,2024-04-14T22:17:00
E002343,C000563,P00060,view,2024-04-14T23:26:00
E005954,C000600,P00244,view,2024-04-14T23:45:00
E004622,C000103,P00079,view,2024-04-15T00:06:00
E001483,C000446,P00449,cart,2024-04-15T00:08:00
E003220,C000413,P00128,view,2024-04-15T00:36:00
E004592,C000389,P00253,view,2024-04-15T03:39:00
E004702,C000751,P00358,purchase,2024-04-15T04:33:00
E001667,C000710,P00046,view,2024-04-15T04:46:00
E001130,C000760,P00286,view,2024-04-15T04:54:00
E005194,C000429,P00119,view,2024-04-15T05:11:00
E005713,C000492,P00442,view,2024-04-15T05:15:00
E001235,C000793,P00103,cart,2024-04-15T06:02:00
E003978,C000113,P00487,view,2024-04-15T07:20:00
E005536,C000694,P00349,view,2024-04-15T07:53:00
E000538,C000041,P00239,view,2024-04-15T07:59:00
E003384,C000447,P00033,view,2024-04-15T08:19:00
E001158,C000076,P00197,view,2024-04-15T08:23:00
E005455,C000603,P00062,purchase,2024-04-15T08:42:00
E001147,C000054,P00095,view,2024-04-15T08:50:00
E000153,C000440,P00378,view,2024-04-15T09:31:00
E002836,C000110,P00033,view,2024-04-15T09:33:00
E002442,C000230,P00205,view,2024-04-15T09:35:00
E003794,C000337,P00080,cart,2024-04-15T11:29:00
E003201,C000453,P00210,purchase,2024-04-15T13:07:00
E001148,C000684,P00039,cart,2024-04-15T13:11:00
E005747,C000037,P00371,cart,2024-04-15T13:30:00
E002970,C000664,P00341,purchase,2024-04-15T14:00:00
E000650,C000359,P00187,view,2024-04-15T14:05:00
E003119,C000623,P00059,view,2024-04-15T14:44:00
E003461,C000075,P00403,cart,2024-04-15T17:09:00
E002058,C000077,P00471,view,2024-04-15T17:15:00
E003026,C000516,P00048,view,2024-04-15T18:32:00
E003988,C000628,P00447,view,2024-04-15T18:39:00
E003166,C000390,P00301,view,2024-04-15T18:44:00
E003811,C000405,P00153,view,2024-04-15T18:46:00
E004447,C000766,P00422,cart,2024-04-15T19:14:00
E003160,C000510,P00082,view,2024-04-15T20:51:00
E003564,C000769,P00021,view,2024-04-15T21:02:00
E005183,C000164,P00266,view,2024-04-15T21:28:00
E000619,C000161,P00479,view,2024-04-15T21:40:00
E002994,C000522,P00109,view,2024-04-15T22:24:00
E001999,C000069,P00245,view,2024-04-15T22:37:00
E000348,C000579,P00183,cart,2024-04-15T22:49:00
E001717,C000020,P00491,view,2024-04-16T00:00:00
E002519,C000128,P00137,view,2024-04-16T00:38:00
E002383,C000768,P00022,view,2024-04-16T00:40:00
E003218,C000677,P00161,purchase,2024-04-16T00:43:00
E003668,C000385,P00412,cart,2024-04-16T01:43:00
E005917,C000735,P00415,view,2024-04-16T01:53:00
E003940,C000662,P00416,cart,2024-04-16T02:28:00
E001711,C000255,P00492,cart,2024-04-16T02:30:00
E004217,C000517,P00074,view,2024-04-16T02:44:00
E005329,C000038,P00251,view,2024-04-16T02:51:00
E004424,C000474,P00003,cart,2024-04-16T02:57:00
E002860,C000336,P00107,cart,2024-04-16T03:04:00
E005266,C000514,P00235,view,2024-04-16T03:09:00
E005284,C000039,P00409,purchase,2024-04-16T04:53:00
E002287,C000016,P00379,view,2024-04-16T04:58:00
E001900,C000572,P00224,view,2024-04-16T05:19:00
E005699,C000350,P00176,view,2024-04-16T06:25:00
E005626,C000113,P00031,view,2024-04-16T06:37:00
E004395,C000677,P00152,view,2024-04-16T06:57:00
E003340,C000648,P00332,view,2024-04-16T07:24:00
E004521,C000782,P00083,view,2024-04-16T08:02:00
E004384,C000154,P00105,view,2024-04-16T08:34:00
E004422,C000343,P00290,view,2024-04-16T08:40:00
E001435,C000315,P00475,cart,2024-04-16T09:14:00
E000041,C000321,P00170,cart,2024-04-16T09:40:00
E001077,C000473,P00216,purchase,2024-04-16T09:45:00
E004121,C000202,P00267,view,2024-04-16T10:30:00
E001532,C000055,P00292,view,2024-04-16T10:44:00
E004280,C000113,P00339,view,2024-04-16T12:20:00
E004812,C000224,P00331,view,2024-04-16T13:16:00
E002913,C000434,P00436,view,2024-04-16T14:01:00
E005332,C000620,P00142,view,2024-04-16T14:01:00
E000211,C000372,P00427,cart,2024-04-16T14:10:00
E003909,C000328,P00031,cart,2024-04-16T14:13:00
E002706,C000472,P00093,purchase,2024-04-16T14:23:00
E002257,C000144,P00074,purchase,2024-04-16T15:06:00
E000958,C000665,P00403,purchase,2024-04-16T16:06:00
E003691,C000357,P00123,cart,2024-04-16T16:38:00
E005593,C000230,P00053,cart,2024-04-16T16:49:00
E005105,C000167,P00356,purchase,2024-04-16T16:53:00
E002033,C000695,P00350,cart,2024-04-16T17:24:00
E002079,C000143,P00319,cart,2024-04-16T18:11:00
E002494,C000524,P00070,cart,2024-04-16T18:40:00
E003985,C000169,P00461,cart,2024-04-16T21:55:00
E004893,C000691,P00429,purchase,2024-04-16T22:47:00
E002653,C000174,P00232,view,2024-04-16T23:37:00
E005474,C000470,P00262,purchase,2024-04-16T23:56:00
E002956,C000765,P00035,cart,2024-04-17T00:32:00
E004954,C000326,P00058,view,2024-04-17T01:07:00
E001089,C000781,P00132,view,2024-04-17T02:31:00
E004216,C000293,P00251,view,2024-04-17T02:37:00
E005745,C000478,P00148,view,2024-04-17T02:38:00
E004299,C000255,P00128,view,2024-04-17T03:05:00
E003709,C000783,P00189,view,2024-04-17T03:11:00
E005021,C000598,P00287,view,2024-04-17T03:14:00
E004374,C000374,P00118,view,2024-04-17T03:31:00
E005859,C000603,P00419,view,2024-04-17T03:51:00
E000804,C000090,P00343,view,2024-04-17T04:01:00
E005131,C000513,P00245,cart,2024-04-17T04:04:00
E003350,C000575,P00405,view,2024-04-17T04:31:00
E003193,C000760,P00352,view,2024-04-17T05:03:00
E004496,C000349,P00221,cart,2024-04-17T05:20:00
E005997,C000176,P00244,view,2024-04-17T06:21:00
E005205,C000585,P00436,view,2024-04-17T06:37:00
E002761,C000298,P00104,view,2024-04-17T06:47:00
E002228,C000069,P00231,view,2024-04-17T07:01:00
E002927,C000487,P00413,view,2024-04-17T07:12:00
E000763,C000172,P00220,purchase,2024-04-17T07:32:00
E004878,C000246,P00103,cart,2024-04-17T08:13:00
E003928,C000559,P00086,view,2024-04-17T08:26:00
E004928,C000192,P00054,view,2024-04-17T09:24:00
E001041,C000297,P00014,cart,2024-04-17T09:31:00
E003808,C000186,P00279,view,2024-04-17T11:38:00
E004062,C000714,P00164,cart,2024-04-17T12:04:00
E001217,C000479,P00104,purchase,2024-04-17T12:22:00
E002574,C000282,P00425,view,2024-04-17T12:40:00
E005932,C000385,P00251,view,2024-04-17T13:01:00
E005362,C000412,P00111,view,2024-04-17T13:07:00
E005910,C000672,P00418,purchase,2024-04-17T13:12:00
E000742,C000447,P00228,view,2024-04-17T13:54:00
E004163,C000190,P00199,purchase,2024-04-17T14:44:00
E005974,C000150,P00193,cart,2024-04-17T14:49:00
E000219,C000191,P00342,purchase,2024-04-17T14:54:00
E000029,C000057,P00004,view,2024-04-17T15:00:00
E003923,C000495,P00404,cart,2024-04-17T15:08:00
E004354,C000114,P00372,cart,2024-04-17T16:17:00
E004545,C000403,P00115,view,2024-04-17T16:53:00
E003349,C000010,P00048,view,2024-04-17T18:03:00
E004117,C000177,P00233,view,2024-04-17T18:26:00
E004104,C000272,P00236,view,2024-04-17T18:38:00
E002871,C000523,P00392,view,2024-04-17T18:54:00
E000974,C000701,P00344,purchase,2024-04-17T19:16:00
E000501,C000181,P00193,view,2024-04-17T19:32:00
E001021,C000542,P00028,view,2024-04-17T19:36:00
E000717,C000078,P00431,view,2024-04-17T19:58:00
E002172,C000367,P00137,view,2024-04-17T20:47:00
E004284,C000116,P00195,purchase,2024-04-17T21:42:00
E004012,C000057,P00286,view,2024-04-17T21:59:00
E005039,C000479,P00398,view,2024-04-17T22:18:00
E004991,C000381,P00109,view,2024-04-17T22:47:00
E002472,C000787,P00483,purchase,2024-04-17T22:53:00
E004968,C000478,P00306,cart,2024-04-17T23:02:00
E005494,C000600,P00021,view,2024-04-17T23:03:00
E004242,C000780,P00392,view,2024-04-18T01:11:00
E004966,C000442,P00339,view,2024-04-18T01:14:00
E004126,C000667,P00258,view,2024-04-18T02:29:00
E000212,C000160,P00055,view,2024-04-18T03:23:00
E004516,C000515,P00448,view,2024-04-18T03:24:00
E000857,C000699,P00227,view,2024-04-18T03:42:00
E004203,C000255,P00150,cart,2024-04-18T05:28:00
E004107,C000576,P00427,view,2024-04-18T05:38:00
E005871,C000042,P00332,purchase,2024-04-18T06:10:00
E001316,C000001,P00127,view,2024-04-18T06:14:00
E005680,C000054,P00292,view,2024-04-18T06:32:00
E001914,C000423,P00139,purchase,2024-04-18T07:41:00
E001426,C000221,P00479,view,2024-04-18T08:21:00
E003821,C000590,P00007,view,2024-04-18T08:23:00
E002649,C000305,P00364,cart,2024-04-18T08:52:00
E005076,C000129,P00352,view,2024-04-18T08:56:00
E005442,C000750,P00091,view,2024-04-18T12:17:00
E000762,C000616,P00303,purchase,2024-04-18T12:58:00
E001768,C000431,P00007,view,2024-04-18T13:07:00
E003053,C000485,P00206,cart,2024-04-18T13:12:00
E003945,C000615,P00415,view,2024-04-18T14:43:00
E002428,C000301,P00403,view,2024-04-18T14:48:00
E001274,C000110,P00282,view,2024-04-18T14:57:00
E002255,C000689,P00466,view,2024-04-18T14:58:00
E002239,C000045,P00249,view,2024-04-18T15:07:00
E000855,C000453,P00158,cart,2024-04-18T17:09:00
E002504,C000657,P00232,view,2024-04-18T17:31:00
E005374,C000102,P00331,view,2024-04-18T17:34:00
E003670,C000206,P00349,view,2024-04-18T17:53:00
E000454,C000516,P00330,view,2024-04-18T17:58:00
E003834,C000078,P00106,view,2024-04-18T17:59:00
E000151,C000575,P00153,view,2024-04-18T18:18:00
E005684,C000129,P00171,purchase,2024-04-18T18:19:00
E003125,C000448,P00439,view,2024-04-18T18:21:00
E004682,C000000,P00431,view,2024-04-18T21:55:00
E005435,C000077,P00384,view,2024-04-18T22:05:00
E003994,C000604,P00033,purchase,2024-04-18T22:56:00
E000926,C000089,P00013,cart,2024-04-18T23:02:00
E001259,C000428,P00225,view,2024-04-18T23:32:00
E001770,C000151,P00213,cart,2024-04-19T01:52:00
E002818,C000140,P00246,view,2024-04-19T02:00:00
E002865,C000680,P00242,view,2024-04-19T03:08:00
E004806,C000334,P00216,cart,2024-04-19T03:25:00
E005818,C000327,P00357,view,2024-04-19T03:45:00
E003348,C000309,P00121,cart,2024-04-19T06:18:00
E002696,C000228,P00147,cart,2024-04-19T07:15:00
E005465,C000672,P00332,view,2024-04-19T07:18:00
E003554,C000208,P00191,purchase,2024-04-19T07:47:00
E001533,C000244,P00048,view,2024-04-19T08:18:00
E004534,C000609,P00402,purchase,2024-04-19T08:36:00
E002278,C000778,P00261,cart,2024-04-19T09:03:00
E000568,C000098,P00487,purchase,2024-04-19T09:27:00
E005144,C000292,P00159,cart,2024-04-19T09:35:00
E003745,C000176,P00284,view,2024-04-19T09:38:00
E000464,C000458,P00303,purchase,2024-04-19T10:21:00
E001595,C000208,P00280,view,2024-04-19T10:36:00
E004191,C000652,P00177,cart,2024-04-19T11:30:00
E003486,C000507,P00357,view,2024-04-19T11:36:00
E002086,C000346,P00231,view,2024-04-19T12:06:00
E005497,C000239,P00430,view,2024-04-19T12:18:00
E003740,C000372,P00271,cart,2024-04-19T13:24:00
E002358,C000599,P00218,view,2024-04-19T13:54:00
E004924,C000435,P00210,view,2024-04-19T14:18:00
E000374,C000686,P00274,view,2024-04-19T14:19:00
E004549,C000139,P00065,view,2024-04-19T15:21:00
E004398,C000792,P00379,view,2024-04-19T16:08:00
E005203,C000566,P00138,cart,2024-04-19T17:04:00
E001371,C000442,P00284,view,2024-04-19T17:20:00
E005768,C000792,P00464,purchase,2024-04-19T17:22:00
E001045,C000351,P00097,view,2024-04-19T17:28:00
E001190,C000345,P00171,view,2024-04-19T17:42:00
E000933,C000672,P00196,cart,2024-04-19T17:54:00
E001883,C000549,P00051,view,2024-04-19T18:48:00
E003338,C000563,P00475,view,2024-04-19T18:58:00
E003995,C000088,P00496,cart,2024-04-19T19:23:00
E000095,C000077,P00412,view,2024-04-19T20:02:00
E004895,C000577,P00087,view,2024-04-19T21:19:00
E005618,C000230,P00293,view,2024-04-19T21:43:00
E003275,C000015,P00401,purchase,2024-04-19T22:52:00
E003066,C000797,P00357,cart,2024-04-19T22:55:00
E004589,C000372,P00368,cart,2024-04-19T23:45:00
E002423,C000771,P00042,view,2024-04-19T23:53:00
E003014,C000704,P00387,view,2024-04-20T00:42:00
E005526,C000116,P00070,view,2024-04-20T01:22:00
E004075,C000121,P00134,cart,2024-04-20T02:29:00
E000174,C000262,P00246,cart,2024-04-20T02:38:00
E000877,C000298,P00287,view,2024-04-20T02:45:00
E005151,C000654,P00457,cart,2024-04-20T03:03:00
E001934,C000137,P00258,view,2024-04-20T03:11:00
E004213,C000210,P00079,view,2024-04-20T03:15:00
E003493,C000758,P00311,view,2024-04-20T03:18:00
E003855,C000784,P00452,cart,2024-04-20T03:25:00
E000456,C000617,P00022,view,2024-04-20T03:51:00
E000965,C000541,P00490,view,2024-04-20T04:04:00
E003142,C000586,P00023,view,2024-04-20T04:06:00
E004779,C000259,P00479,cart,2024-04-20T04:09:00
E001528,C000527,P00352,view,2024-04-20T04:16:00
E004620,C000069,P00141,view,2024-04-20T04:30:00
E002432,C000597,P00153,view,2024-04-20T04:34:00
E000577,C000054,P00268,purchase,2024-04-20T04:47:00
E000718,C000387,P00267,view,2024-04-20T05:20:00
E005033,C000566,P00395,purchase,2024-04-20T05:21:00
E005722,C000597,P00135,purchase,2024-04-20T05:23:00
E001964,C000145,P00103,purchase,2024-04-20T06:17:00
E005270,C000274,P00142,view,2024-04-20T06:48:00
E003613,C000227,P00453,view,2024-04-20T07:00:00
E001001,C000324,P00392,purchase,2024-04-20T07:15:00
E001767,C000521,P00489,view,2024-04-20T08:09:00
E000445,C000003,P00321,view,2024-04-20T08:12:00
E002460,C000320,P00467,view,2024-04-20T08:22:00
E003880,C000461,P00461,cart,2024-04-20T09:23:00
E001709,C000435,P00235,view,2024-04-20T09:32:00
E000017,C000150,P00410,view,2024-04-20T09:44:00
E003533,C000393,P00325,cart,2024-04-20T09:46:00
E004304,C000554,P00425,cart,2024-04-20T09:54:00
E005878,C000690,P00329,view,2024-04-20T10:00:00
E002800,C000468,P00467,view,2024-04-20T11:08:00
E004478,C000782,P00431,cart,2024-04-20T11:08:00
E005628,C000113,P00035,view,2024-04-20T11:30:00
E001613,C000349,P00423,cart,2024-04-20T12:03:00
E002306,C000184,P00436,view,2024-04-20T12:27:00
E002968,C000410,P00221,cart,2024-04-20T12:28:00
E004142,C000466,P00241,view,2024-04-20T13:59:00
E001044,C000573,P00048,view,2024-04-20T14:34:00
E004278,C000099,P00296,cart,2024-04-20T15:21:00
E000765,C000092,P00343,view,2024-04-20T16:06:00
E005179,C000327,P00228,view,2024-04-20T16:19:00
E004674,C000647,P00403,cart,2024-04-20T16:31:00
E001893,C000088,P00211,view,2024-04-20T16:38:00
E004071,C000653,P00330,view,2024-04-20T17:13:00
E004975,C000103,P00094,view,2024-04-20T17:44:00
E001171,C000468,P00324,cart,2024-04-20T17:45:00
E005578,C000070,P00034,view,2024-04-20T19:01:00
E001663,C000300,P00022,view,2024-04-20T19:24:00
E002765,C000307,P00070,view,2024-04-20T20:11:00
E001369,C000692,P00376,view,2024-04-20T20:20:00
E005763,C000410,P00024,view,2024-04-20T20:50:00
E003607,C000017,P00368,view,2024-04-20T20:52:00
E003504,C000344,P00105,cart,2024-04-20T21:01:00
E005873,C000154,P00070,cart,2024-04-20T21:41:00
E000913,C000407,P00138,view,2024-04-20T22:07:00
E000660,C000231,P00084,view,2024-04-20T22:31:00
E002348,C000308,P00005,purchase,2024-04-20T23:19:00
E003597,C000473,P00254,cart,2024-04-20T23:39:00
E005654,C000553,P00092,purchase,2024-04-20T23:51:00
E005796,C000610,P00016,purchase,2024-04-21T00:41:00
E000515,C000794,P00095,view,2024-04-21T01:03:00
E004657,C000059,P00103,view,2024-04-21T01:05:00
E001208,C000203,P00016,view,2024-04-21T01:25:00
E004353,C000329,P00476,cart,2024-04-21T01:50:00
E001534,C000496,P00294,view,2024-04-21T01:56:00
E000638,C000226,P00402,view,2024-04-21T04:00:00
E003630,C000634,P00237,view,2024-04-21T04:22:00
E000911,C000723,P00076,view,2024-04-21T05:36:00
E003267,C000419,P00250,view,2024-04-21T06:09:00
E002204,C000337,P00233,cart,2024-04-21T07:01:00
E000578,C000657,P00197,view,2024-04-21T07:11:00
E000772,C000108,P00027,view,2024-04-21T08:19:00
E001419,C000150,P00372,view,2024-04-21T11:27:00
E004568,C000742,P00176,view,2024-04-21T11:44:00
E002984,C000122,P00010,view,2024-04-21T12:22:00
E000498,C000364,P00008,purchase,2024-04-21T12:24:00
E005651,C000539,P00406,view,2024-04-21T13:56:00
E003896,C000080,P00483,view,2024-04-21T14:43:00
E000966,C000690,P00216,view,2024-04-21T15:14:00
E004234,C000554,P00468,view,2024-04-21T17:09:00
E002279,C000226,P00096,cart,2024-04-21T17:32:00
E004080,C000263,P00436,view,2024-04-21T17:54:00
E004887,C000018,P00486,cart,2024-04-21T17:58:00
E000747,C000312,P00158,view,2024-04-21T19:38:00
E001186,C000309,P00282,cart,2024-04-21T19:41:00
E005108,C000071,P00397,cart,2024-04-21T19:51:00
E005524,C000734,P00046,view,2024-04-21T20:05:00
E003840,C000792,P00196,view,2024-04-21T20:11:00
E001328,C000064,P00078,cart,2024-04-21T20:31:00
E004642,C000723,P00070,view,2024-04-21T20:46:00
E002381,C000231,P00362,view,2024-04-21T20:59:00
E004332,C000303,P00107,view,2024-04-21T21:06:00
E000875,C000263,P00476,view,2024-04-21T21:17:00
E004598,C000150,P00385,view,2024-04-21T21:40:00
E000256,C000276,P00400,view,2024-04-21T23:28:00
E000134,C000508,P00448,cart,2024-04-21T23:32:00
E005624,C000358,P00304,view,2024-04-22T00:50:00
E001738,C000465,P00296,purchase,2024-04-22T01:17:00
E002132,C000439,P00094,view,2024-04-22T01:52:00
E003947,C000783,P00027,view,2024-04-22T02:21:00
E003550,C000159,P00306,view,2024-04-22T02:30:00
E001665,C000661,P00200,view,2024-04-22T03:45:00
E002267,C000077,P00066,view,2024-04-22T03:56:00
E000278,C000602,P00254,cart,2024-04-22T04:23:00
E004840,C000641,P00212,view,2024-04-22T04:43:00
E001355,C000082,P00070,view,2024-04-22T05:36:00
E004958,C000362,P00164,view,2024-04-22T05:45:00
E004848,C000317,P00473,cart,2024-04-22T06:12:00
E005676,C000201,P00190,view,2024-04-22T06:28:00
E004771,C000457,P00361,view,2024-04-22T06:46:00
E005813,C000762,P00255,view,2024-04-22T07:26:00
E003478,C000602,P00001,view,2024-04-22T07:26:00
E005233,C000354,P00431,purchase,2024-04-22T07:35:00
E003444,C000663,P00231,view,2024-04-22T07:59:00
E002939,C000429,P00345,view,2024-04-22T09:13:00
E005164,C000740,P00456,view,2024-04-22T09:30:00
E004838,C000321,P00175,view,2024-04-22T09:41:00
E004008,C000148,P00391,view,2024-04-22T09:44:00
E005701,C000020,P00290,view,2024-04-22T10:47:00
E004334,C000605,P00064,view,2024-04-22T10:51:00
E005598,C000534,P00165,view,2024-04-22T11:16:00
E000294,C000767,P00319,purchase,2024-04-22T11:27:00
E001705,C000279,P00398,purchase,2024-04-22T11:45:00
E004964,C000308,P00084,view,2024-04-22T12:31:00
E003076,C000280,P00325,view,2024-04-22T12:44:00
E004411,C000069,P00271,view,2024-04-22T13:28:00
E004064,C000716,P00349,view,2024-04-22T14:50:00
E001792,C000441,P00414,cart,2024-04-22T14:50:00
E000108,C000248,P00398,purchase,2024-04-22T15:00:00
E000768,C000789,P00263,view,2024-04-22T15:10:00
E002044,C000344,P00468,view,2024-04-22T15:14:00
E004184,C000127,P00343,purchase,2024-04-22T15:54:00
E004252,C000026,P00473,cart,2024-04-22T16:17:00
E003584,C000719,P00057,cart,2024-04-22T16:26:00
E004719,C000428,P00410,view,2024-04-22T16:54:00
E002095,C000712,P00226,view,2024-04-22T17:05:00
E002878,C000065,P00200,view,2024-04-22T18:19:00
E000719,C000238,P00320,view,2024-04-22T18:45:00
E001100,C000778,P00104,cart,2024-04-22T18:48:00
E003611,C000661,P00350,view,2024-04-22T19:11:00
E001462,C000149,P00014,purchase,2024-04-22T19:31:00
E001744,C000226,P00044,view,2024-04-22T20:06:00
E003079,C000120,P00377,view,2024-04-22T20:31:00
E001410,C000579,P00225,view,2024-04-22T20:43:00
E002455,C000594,P00161,cart,2024-04-22T20:45:00
E002602,C000718,P00467,view,2024-04-22T21:02:00
E001834,C000758,P00035,view,2024-04-22T22:15:00
E001513,C000451,P00087,cart,2024-04-22T22:35:00
E005576,C000789,P00147,view,2024-04-22T22:50:00
E004232,C000699,P00348,cart,2024-04-22T23:12:00
E004462,C000149,P00467,cart,2024-04-22T23:25:00
E001019,C000399,P00338,view,2024-04-23T00:05:00
E002743,C000629,P00106,cart,2024-04-23T01:14:00
E005916,C000544,P00028,view,2024-04-23T02:18:00
E003625,C000281,P00382,cart,2024-04-23T02:33:00
E000184,C000284,P00054,view,2024-04-23T02:56:00
E000639,C000310,P00101,view,2024-04-23T03:11:00
E000045,C000433,P00231,view,2024-04-23T04:23:00
E005825,C000073,P00219,cart,2024-04-23T06:04:00
E004704,C000713,P00055,cart,2024-04-23T06:31:00
E003316,C000249,P00228,view,2024-04-23T06:40:00
E004688,C000072,P00203,view,2024-04-23T06:47:00
E005674,C000659,P00106,view,2024-04-23T06:49:00
E002461,C000143,P00024,cart,2024-04-23T06:52:00
E005051,C000618,P00123,view,2024-04-23T08:00:00
E005552,C000457,P00178,view,2024-04-23T08:01:00
E002874,C000608,P00069,view,2024-04-23T08:16:00
E003373,C000558,P00489,view,2024-04-23T09:15:00
E005614,C000002,P00267,view,2024-04-23T09:18:00
E000510,C000334,P00411,view,2024-04-23T09:22:00
E001052,C000370,P00224,purchase,2024-04-23T09:39:00
E000363,C000482,P00310,view,2024-04-23T10:02:00
E004137,C000089,P00104,view,2024-04-23T10:20:00
E001630,C000658,P00318,cart,2024-04-23T10:32:00
E001508,C000635,P00276,cart,2024-04-23T10:38:00
E003530,C000028,P00224,cart,2024-04-23T11:13:00
E000856,C000163,P00236,cart,2024-04-23T11:44:00
E000723,C000391,P00206,cart,2024-04-23T11:48:00
E005848,C000151,P00128,view,2024-04-23T12:57:00
E005814,C000087,P00346,view,2024-04-23T13:49:00
E001824,C000058,P00179,view,2024-04-23T13:54:00
E004775,C000355,P00409,view,2024-04-23T13:59:00
E005338,C000789,P00377,cart,2024-04-23T14:13:00
E003687,C000172,P00255,cart,2024-04-23T14:32:00
E002318,C000417,P00134,view,2024-04-23T14:36:00
E005279,C000157,P00491,view,2024-04-23T15:01:00
E004222,C000472,P00455,cart,2024-04-23T15:01:00
E004002,C000261,P00451,view,2024-04-23T15:52:00
E004489,C000634,P00382,view,2024-04-23T15:58:00
E001621,C000180,P00405,cart,2024-04-23T16:17:00
E003117,C000222,P00252,view,2024-04-23T16:25:00
E004818,C000412,P00191,purchase,2024-04-23T16:26:00
E004908,C000467,P00307,view,2024-04-23T17:14:00
E002641,C000428,P00473,view,2024-04-23T18:18:00
E000125,C000491,P00385,cart,2024-04-23T19:07:00
E004270,C000011,P00290,view,2024-04-23T19:09:00
E005045,C000650,P00083,view,2024-04-23T20:31:00
E005683,C000108,P00135,view,2024-04-23T21:11:00
E002616,C000631,P00069,cart,2024-04-23T21:14:00
E001273,C000159,P00336,view,2024-04-23T21:31:00
E002506,C000559,P00460,view,2024-04-23T21:56:00
E001332,C000045,P00299,view,2024-04-23T23:59:00
E002679,C000535,P00229,cart,2024-04-24T00:03:00
E000301,C000115,P00331,cart,2024-04-24T00:15:00
E001972,C000203,P00074,purchase,2024-04-24T00:17:00
E004911,C000788,P00074,view,2024-04-24T00:22:00
E000560,C000561,P00393,view,2024-04-24T01:01:00
E001490,C000124,P00123,cart,2024-04-24T01:05:00
E001351,C000258,P00352,view,2024-04-24T01:36:00
E001927,C000040,P00393,view,2024-04-24T01:41:00
E000259,C000392,P00368,view,2024-04-24T01:55:00
E005709,C000474,P00412,cart,2024-04-24T03:13:00
E005132,C000051,P00153,view,2024-04-24T03:29:00
E000313,C000623,P00075,view,2024-04-24T03:50:00
E004307,C000172,P00191,cart,2024-04-24T04:06:00
E005048,C000197,P00038,view,2024-04-24T04:13:00
E004897,C000558,P00293,view,2024-04-24T04:22:00
E003192,C000705,P00231,view,2024-04-24T05:08:00
E004606,C000791,P00319,view,2024-04-24T06:15:00
E003943,C000503,P00431,purchase,2024-04-24T06:47:00
E000322,C000509,P00366,view,2024-04-24T06:57:00
E001574,C000431,P00358,view,2024-04-24T07:03:00
E004572,C000472,P00175,view,2024-04-24T07:17:00
E000115,C000743,P00052,view,2024-04-24T07:21:00
E000292,C000129,P00094,cart,2024-04-24T08:26:00
E003783,C000003,P00111,view,2024-04-24T10:19:00
E005344,C000691,P00353,view,2024-04-24T10:58:00
E000773,C000674,P00420,view,2024-04-24T11:09:00
E000530,C000560,P00264,purchase,2024-04-24T11:28:00
E005507,C000190,P00240,view,2024-04-24T11:29:00
E004685,C000006,P00354,view,2024-04-24T11:33:00
E003131,C000768,P00014,view,2024-04-24T11:45:00
E005719,C000036,P00219,cart,2024-04-24T12:13:00
E001183,C000421,P00301,view,2024-04-24T12:14:00
E000080,C000189,P00038,view,2024-04-24T12:30:00
E004633,C000752,P00423,cart,2024-04-24T12:44:00
E004872,C000285,P00311,cart,2024-04-24T12:51:00
E004524,C000489,P00080,purchase,2024-04-24T12:58:00
E004909,C000125,P00310,purchase,2024-04-24T14:08:00
E003254,C000176,P00193,cart,2024-04-24T14:12:00
E002533,C000324,P00340,purchase,2024-04-24T14:32:00
E001467,C000529,P00067,view,2024-04-24T16:07:00
E002804,C000020,P00286,view,2024-04-24T16:45:00
E005746,C000198,P00360,purchase,2024-04-24T16:52:00
E001538,C000290,P00394,view,2024-04-24T17:11:00
E001811,C000756,P00019,view,2024-04-24T17:46:00
E003713,C000385,P00129,view,2024-04-24T18:37:00
E003696,C000216,P00202,cart,2024-04-24T18:41:00
E005523,C000758,P00104,cart,2024-04-24T18:51:00
E005774,C000006,P00008,view,2024-04-24T19:23:00
E000195,C000193,P00387,view,2024-04-24T19:49:00
E002561,C000042,P00281,cart,2024-04-24T20:09:00
E002350,C000570,P00067,view,2024-04-24T20:35:00
E000584,C000253,P00341,view,2024-04-24T22:10:00
E005358,C000287,P00180,purchase,2024-04-24T22:56:00
E004468,C000478,P00083,cart,2024-04-25T00:22:00
E003182,C000200,P00358,cart,2024-04-25T00:23:00
E001880,C000109,P00449,view,2024-04-25T01:16:00
E005892,C000387,P00309,view,2024-04-25T01:19:00
E003694,C000493,P00234,cart,2024-04-25T02:03:00
E000421,C000742,P00215,view,2024-04-25T02:10:00
E003920,C000231,P00006,cart,2024-04-25T03:04:00
E002080,C000695,P00344,view,2024-04-25T03:22:00
E004760,C000347,P00370,view,2024-04-25T03:29:00
E005621,C000751,P00025,view,2024-04-25T03:39:00
E000194,C000523,P00112,view,2024-04-25T03:55:00
E004183,C000382,P00003,purchase,2024-04-25T04:19:00
E002826,C000047,P00187,purchase,2024-04-25T04:37:00
E004050,C000441,P00206,view,2024-04-25T05:20:00
E000566,C000387,P00355,cart,2024-04-25T05:46:00
E005008,C000021,P00461,view,2024-04-25T05:55:00
E000283,C000691,P00187,cart,2024-04-25T06:37:00
E005466,C000233,P00448,cart,2024-04-25T06:51:00
E000257,C000360,P00485,cart,2024-04-25T06:53:00
E000378,C000485,P00174,view,2024-04-25T07:14:00
E000736,C000490,P00173,view,2024-04-25T07:36:00
E002868,C000298,P00491,cart,2024-04-25T08:46:00
E005971,C000357,P00484,cart,2024-04-25T08:57:00
E005425,C000233,P00071,cart,2024-04-25T09:18:00
E002911,C000276,P00273,cart,2024-04-25T09:39:00
E002715,C000392,P00107,view,2024-04-25T10:16:00
E001071,C000751,P00468,view,2024-04-25T10:36:00
E004042,C000386,P00476,cart,2024-04-25T12:20:00
E002944,C000641,P00229,view,2024-04-25T12:23:00
E004099,C000242,P00395,purchase,2024-04-25T12:52:00
E003016,C000214,P00293,view,2024-04-25T13:08:00
E004653,C000241,P00028,view,2024-04-25T13:14:00
E002680,C000278,P00133,cart,2024-04-25T13:35:00
E004070,C000693,P00239,purchase,2024-04-25T15:37:00
E001177,C000629,P00199,purchase,2024-04-25T15:42:00
E004554,C000375,P00330,view,2024-04-25T15:51:00
E004615,C000720,P00019,view,2024-04-25T16:18:00
E002262,C000376,P00323,cart,2024-04-25T16:31:00
E001890,C000467,P00007,view,2024-04-25T16:31:00
E000658,C000139,P00073,view,2024-04-25T16:51:00
E004260,C000646,P00487,view,2024-04-25T17:01:00
E002029,C000498,P00323,view,2024-04-25T17:20:00
E002636,C000171,P00179,cart,2024-04-25T17:33:00
E004218,C000163,P00121,view,2024-04-25T17:47:00
E001957,C000710,P00196,purchase,2024-04-25T17:54:00
E000996,C000162,P00151,view,2024-04-25T18:17:00
E003022,C000727,P00436,purchase,2024-04-25T19:26:00
E004885,C000431,P00443,view,2024-04-25T20:00:00
E005529,C000231,P00468,view,2024-04-25T20:02:00
E002825,C000335,P00005,view,2024-04-25T20:11:00
E005975,C000075,P00115,cart,2024-04-25T21:00:00
E000299,C000017,P00139,view,2024-04-25T21:00:00
E002975,C000165,P00312,cart,2024-04-25T21:20:00
E000113,C000335,P00216,view,2024-04-25T22:23:00
E002940,C000452,P00281,view,2024-04-25T22:32:00
E003566,C000040,P00368,purchase,2024-04-25T22:53:00
E001762,C000633,P00044,view,2024-04-25T23:15:00
E005588,C000499,P00381,view,2024-04-25T23:31:00
E001145,C000196,P00306,view,2024-04-26T00:25:00
E003083,C000159,P00054,view,2024-04-26T00:42:00
E002721,C000417,P00111,cart,2024-04-26T00:56:00
E002476,C000234,P00476,view,2024-04-26T01:23:00
E001249,C000350,P00320,purchase,2024-04-26T01:49:00
E004916,C000016,P00146,cart,2024-04-26T01:57:00
E002312,C000781,P00393,view,2024-04-26T02:28:00
E005761,C000751,P00075,view,2024-04-26T03:14:00
E001773,C000046,P00030,view,2024-04-26T05:12:00
E004957,C000592,P00321,view,2024-04-26T05:56:00
E000332,C000310,P00149,view,2024-04-26T06:00:00
E000330,C000586,P00098,cart,2024-04-26T06:01:00
E002966,C000621,P00359,view,2024-04-26T06:47:00
E002147,C000790,P00213,view,2024-04-26T06:54:00
E003339,C000518,P00226,cart,2024-04-26T07:30:00
E005483,C000217,P00391,cart,2024-04-26T08:53:00
E005657,C000217,P00192,cart,2024-04-26T09:16:00
E004654,C000550,P00326,view,2024-04-26T09:45:00
E000516,C000464,P00362,cart,2024-04-26T09:57:00
E002293,C000412,P00199,view,2024-04-26T10:07:00
E003013,C000739,P00347,view,2024-04-26T10:22:00
E002400,C000651,P00311,cart,2024-04-26T11:55:00
E002612,C000567,P00402,purchase,2024-04-26T12:22:00
E005565,C000043,P00048,purchase,2024-04-26T12:28:00
E004749,C000572,P00213,view,2024-04-26T13:18:00
E000880,C000307,P00037,view,2024-04-26T15:49:00
E005099,C000481,P00272,cart,2024-04-26T15:50:00
E003362,C000760,P00188,view,2024-04-26T15:56:00
E004667,C000109,P00418,cart,2024-04-26T15:59:00
E001106,C000521,P00017,purchase,2024-04-26T16:24:00
E003639,C000481,P00332,view,2024-04-26T17:40:00
E002729,C000742,P00304,purchase,2024-04-26T17:40:00
E004425,C000710,P00339,view,2024-04-26T17:41:00
E000607,C000689,P00356,view,2024-04-26T17:50:00
E005770,C000000,P00215,cart,2024-04-26T18:46:00
E002213,C000269,P00370,view,2024-04-26T19:14:00
E000702,C000616,P00280,view,2024-04-26T21:18:00
E001018,C000629,P00194,view,2024-04-26T21:32:00
E005326,C000014,P00164,view,2024-04-26T21:47:00
E003370,C000333,P00402,view,2024-04-26T22:33:00
E005031,C000101,P00041,view,2024-04-26T22:35:00
E004707,C000518,P00063,purchase,2024-04-26T22:36:00
E002065,C000186,P00207,view,2024-04-26T23:10:00
E004254,C000180,P00250,view,2024-04-26T23:11:00
E000521,C000604,P00299,purchase,2024-04-26T23:30:00
E005938,C000641,P00004,purchase,2024-04-26T23:50:00
E003585,C000709,P00007,purchase,2024-04-27T00:31:00
E000296,C000118,P00252,view,2024-04-27T00:57:00
E005862,C000704,P00001,view,2024-04-27T01:16:00
E004257,C000525,P00396,view,2024-04-27T01:40:00
E004950,C000461,P00491,view,2024-04-27T01:41:00
E000198,C000498,P00295,cart,2024-04-27T01:42:00
E003044,C000363,P00107,view,2024-04-27T01:53:00
E004433,C000536,P00148,view,2024-04-27T02:04:00
E002322,C000059,P00262,purchase,2024-04-27T03:09:00
E004493,C000293,P00107,view,2024-04-27T03:54:00
E004986,C000273,P00159,view,2024-04-27T03:56:00
E003525,C000192,P00489,view,2024-04-27T05:20:00
E000792,C000242,P00160,view,2024-04-27T06:15:00
E004923,C000510,P00209,view,2024-04-27T06:57:00
E003699,C000721,P00437,view,2024-04-27T07:35:00
E003286,C000068,P00079,cart,2024-04-27T07:58:00
E000794,C000626,P00380,view,2024-04-27T08:38:00
E002824,C000603,P00209,view,2024-04-27T08:52:00
E000231,C000013,P00397,view,2024-04-27T09:09:00
E000800,C000279,P00420,view,2024-04-27T09:31:00
E003569,C000439,P00495,view,2024-04-27T09:52:00
E005980,C000765,P00051,view,2024-04-27T11:25:00
E002862,C000371,P00406,view,2024-04-27T11:54:00
E002283,C000655,P00455,cart,2024-04-27T12:17:00
E001559,C000198,P00477,view,2024-04-27T12:17:00
E000452,C000640,P00204,view,2024-04-27T15:21:00
E000595,C000236,P00380,view,2024-04-27T15:34:00
E003414,C000362,P00036,cart,2024-04-27T16:29:00
E002870,C000477,P00417,view,2024-04-27T16:37:00
E005070,C000223,P00283,cart,2024-04-27T17:18:00
E003358,C000231,P00331,cart,2024-04-27T17:18:00
E000730,C000333,P00394,cart,2024-04-27T17:21:00
E001080,C000379,P00397,view,2024-04-27T17:43:00
E000312,C000741,P00290,view,2024-04-27T17:54:00
E005472,C000642,P00303,view,2024-04-27T18:48:00
E002199,C000238,P00336,cart,2024-04-27T19:38:00
E001726,C000609,P00395,view,2024-04-27T20:20:00
E004963,C000705,P00096,cart,2024-04-27T21:40:00
E002406,C000384,P00337,view,2024-04-27T21:42:00
E003690,C000701,P00434,purchase,2024-04-27T22:09:00
E001791,C000089,P00437,view,2024-04-27T22:43:00
E000309,C000368,P00377,cart,2024-04-27T23:05:00
E001231,C000010,P00065,cart,2024-04-28T00:06:00
E005767,C000364,P00282,view,2024-04-28T00:08:00
E002589,C000369,P00237,view,2024-04-28T00:51:00
E000091,C000075,P00465,view,2024-04-28T00:52:00
E000349,C000671,P00213,view,2024-04-28T01:10:00
E004285,C000353,P00259,view,2024-04-28T01:13:00
E000168,C000228,P00170,view,2024-04-28T01:37:00
E000340,C000069,P00183,view,2024-04-28T02:01:00
E000015,C000464,P00386,cart,2024-04-28T02:17:00
E000173,C000599,P00419,view,2024-04-28T02:35:00
E000342,C000294,P00000,purchase,2024-04-28T02:53:00
E005310,C000278,P00099,view,2024-04-28T03:09:00
E005948,C000614,P00429,cart,2024-04-28T03:31:00
E005043,C000425,P00476,view,2024-04-28T03:50:00
E002577,C000668,P00352,view,2024-04-28T04:23:00
E004014,C000239,P00075,view,2024-04-28T04:48:00
E002924,C000053,P00427,cart,2024-04-28T05:05:00
E001271,C000642,P00366,purchase,2024-04-28T05:34:00
E003138,C000063,P00458,view,2024-04-28T06:12:00
E000262,C000257,P00065,purchase,2024-04-28T06:36:00
E003426,C000120,P00314,view,2024-04-28T07:24:00
E000990,C000536,P00369,purchase,2024-04-28T07:47:00
E003786,C000636,P00365,view,2024-04-28T07:49:00
E004767,C000086,P00144,purchase,2024-04-28T09:48:00
E005117,C000612,P00316,view,2024-04-28T09:59:00
E001218,C000528,P00359,view,2024-04-28T10:18:00
E004567,C000303,P00417,view,2024-04-28T10:47:00
E004337,C000412,P00383,view,2024-04-28T11:05:00
E000027,C000140,P00392,cart,2024-04-28T11:11:00
E002438,C000281,P00296,cart,2024-04-28T11:15:00
E000082,C000032,P00255,view,2024-04-28T11:26:00
E000655,C000391,P00468,view,2024-04-28T11:58:00
E004855,C000179,P00401,view,2024-04-28T12:02:00
E000784,C000793,P00312,purchase,2024-04-28T12:04:00
E004734,C000231,P00211,view,2024-04-28T12:23:00
E004853,C000698,P00325,cart,2024-04-28T12:38:00
E005386,C000250,P00433,view,2024-04-28T12:41:00
E000971,C000706,P00058,view,2024-04-28T13:38:00
E000462,C000111,P00228,view,2024-04-28T13:50:00
E002704,C000090,P00217,view,2024-04-28T13:59:00
E004324,C000638,P00297,view,2024-04-28T14:13:00
E002073,C000165,P00391,view,2024-04-28T14:23:00
E002897,C000641,P00498,cart,2024-04-28T15:23:00
E003154,C000078,P00061,view,2024-04-28T15:56:00
E003749,C000788,P00245,view,2024-04-28T16:22:00
E003448,C000486,P00370,purchase,2024-04-28T16:55:00
E002171,C000211,P00165,purchase,2024-04-28T17:00:00
E000298,C000189,P00363,view,2024-04-28T17:36:00
E002590,C000317,P00152,purchase,2024-04-28T17:54:00
E004480,C000077,P00177,cart,2024-04-28T17:59:00
E002427,C000750,P00130,view,2024-04-28T19:39:00
E003753,C000333,P00347,view,2024-04-28T19:53:00
E004920,C000664,P00239,purchase,2024-04-28T20:36:00
E002412,C000770,P00496,view,2024-04-28T23:19:00
E002606,C000326,P00442,view,2024-04-28T23:47:00
E005972,C000068,P00476,view,2024-04-29T00:33:00
E000487,C000435,P00159,view,2024-04-29T00:38:00
E000026,C000234,P00178,view,2024-04-29T00:57:00
E001963,C000413,P00371,view,2024-04-29T01:29:00
E003078,C000536,P00001,view,2024-04-29T02:41:00
E004000,C000271,P00084,purchase,2024-04-29T02:46:00
E001753,C000710,P00062,cart,2024-04-29T06:06:00
E005603,C000516,P00360,view,2024-04-29T06:24:00
E001921,C000374,P00318,cart,2024-04-29T06:24:00
E005249,C000777,P00232,purchase,2024-04-29T07:13:00
E002270,C000119,P00349,cart,2024-04-29T08:02:00
E000107,C000072,P00378,cart,2024-04-29T08:19:00
E001817,C000727,P00170,view,2024-04-29T08:34:00
E005533,C000576,P00427,purchase,2024-04-29T08:41:00
E000815,C000369,P00226,view,2024-04-29T08:47:00
E003407,C000567,P00219,cart,2024-04-29T08:51:00
E000035,C000648,P00492,view,2024-04-29T08:55:00
E004877,C000359,P00393,view,2024-04-29T09:25:00
E005480,C000593,P00438,view,2024-04-29T09:58:00
E002061,C000555,P00335,purchase,2024-04-29T10:13:00
E002733,C000482,P00166,view,2024-04-29T10:32:00
E004756,C000194,P00132,view,2024-04-29T10:48:00
E001614,C000344,P00048,view,2024-04-29T11:37:00
E004022,C000099,P00004,cart,2024-04-29T12:13:00
E002714,C000691,P00081,view,2024-04-29T12:20:00
E003056,C000382,P00065,view,2024-04-29T13:44:00
E000097,C000092,P00303,view,2024-04-29T14:04:00
E001323,C000499,P00293,view,2024-04-29T15:58:00
E000651,C000165,P00466,purchase,2024-04-29T16:05:00
E004340,C000756,P00311,view,2024-04-29T16:13:00
E003000,C000262,P00439,view,2024-04-29T16:30:00
E000319,C000313,P00166,cart,2024-04-29T16:46:00
E003071,C000481,P00236,cart,2024-04-29T16:57:00
E005017,C000321,P00097,view,2024-04-29T17:06:00
E002954,C000198,P00064,view,2024-04-29T17:10:00
E002781,C000558,P00241,view,2024-04-29T18:06:00
E000120,C000111,P00054,view,2024-04-29T18:26:00
E002687,C000355,P00329,purchase,2024-04-29T18:31:00
E004365,C000038,P00318,view,2024-04-29T18:36:00
E003152,C000468,P00379,view,2024-04-29T18:41:00
E002621,C000159,P00287,view,2024-04-29T18:48:00
E003547,C000162,P00250,view,2024-04-29T19:09:00
E005521,C000350,P00375,cart,2024-04-29T19:14:00
E002514,C000240,P00210,view,2024-04-29T19:47:00
E004506,C000777,P00049,view,2024-04-29T19:51:00
E002518,C000061,P00326,view,2024-04-29T19:55:00
E003408,C000312,P00247,view,2024-04-29T20:12:00
E005641,C000170,P00313,view,2024-04-29T20:41:00
E004263,C000094,P00044,view,2024-04-29T20:56:00
E001174,C000564,P00478,view,2024-04-29T21:23:00
E004669,C000507,P00371,purchase,2024-04-29T21:38:00
E002700,C000199,P00003,purchase,2024-04-29T21:46:00
E004382,C000458,P00357,cart,2024-04-29T21:46:00
E005765,C000280,P00105,view,2024-04-29T21:59:00
E002624,C000131,P00335,purchase,2024-04-29T23:44:00
